,brand_name,kind,pingfen,xingjiabi,xingneng,xuhang,waiguan,paizhao
0,360,3,7.4,7.9,3.5,6.6,8,7.6
1,360,3,7.4,7.9,3.5,6.6,8,7.6
2,360,3,7.4,7.9,3.5,6.6,8,7.6
3,360,3,7.8,8.1,7.5,9.0,7.9,7.2
4,360,3,7.8,8.1,7.5,9.0,7.9,7.2
5,360,3,8.4,8.1,9.0,8.0,8.8,8.7
6,360,3,8.4,8.1,9.0,8.0,8.8,8.7
7,360,3,8.0,8.2,7.8,7.7,8.8,7.4
8,360,3,8.1,8.5,8.5,7.4,7.6,8.3
9,360,3,8.1,8.5,8.5,7.4,7.6,8.3
10,360,3,7.4,9.1,6.0,8.5,7,6.8
11,360,3,8.2,9.2,7.5,8.2,7.4,7.8
12,360,3,8.2,9.2,7.5,8.2,7.4,7.8
14,8848,0,4.1,2.7,3.7,6.0,2.7,5.4
15,8848,0,5.5,5.4,5.4,6.1,6.1,4.7
16,8848,0,6.8,5.8,2.0,6.6,7.9,7.7
17,8848,0,8.2,6.6,8.3,8.6,8.5,9.1
18,8848,0,8.2,6.6,8.3,8.6,8.5,9.1
19,8848,0,8.2,6.6,8.3,8.6,8.5,9.1
20,8848,0,8.2,6.6,8.3,8.6,8.5,9.1
22,22克,1,9.0,9.9,8.7,9.1,9.5,7.9
29,Acer,1,6.8,9.0,7.0,7.0,6,5
40,AGM,0,7.8,7.5,6.7,8.2,9.1,7.5
41,AGM,0,8.4,8.1,7.8,9.8,8.7,7.8
42,AGM,0,8.7,8.9,8.1,8.7,10,7.9
43,AGM,0,8.4,9.1,3.0,10.0,9.1,9
44,AGM,0,8.4,9.1,3.0,10.0,9.1,9
45,Ant,1,3.6,0.8,4.8,2.8,4.8,4.8
47,COMIO,1,9.8,10.0,10.0,10.0,10,8.2
48,Google,0,5.6,2.0,6.0,6.0,6,8
49,Google,0,6.9,4.3,8.0,7.4,4.9,7
50,Google,0,8.5,8.3,8.3,8.7,8.7,8.7
60,HP,2,8.7,7.9,8.6,8.8,9.2,8.8
61,HP,2,8.9,9.7,7.7,7.7,10,7.7
62,HP,2,8.9,9.7,7.7,7.7,10,7.7
69,HTC,3,5.1,4.2,5.8,3.4,6.5,5.7
70,HTC,3,5.1,4.2,5.8,3.4,6.5,5.7
71,HTC,3,5.1,4.2,5.8,3.4,6.5,5.7
72,HTC,3,5.1,4.2,5.8,3.4,6.5,5.7
73,HTC,3,5.9,4.9,6.9,4.9,6.4,6.4
74,HTC,3,7.2,5.5,8.2,5.9,8,8.2
75,HTC,3,7.2,5.5,8.2,5.9,8,8.2
76,HTC,3,7.2,5.5,8.2,5.9,8,8.2
77,HTC,3,7.7,5.9,6.0,6.8,7.8,8.4
78,HTC,3,7.7,5.9,6.0,6.8,7.8,8.4
79,HTC,3,7.7,5.9,6.0,6.8,7.8,8.4
80,HTC,3,7.1,6.2,7.4,5.8,8.9,7.3
81,HTC,3,6.7,6.2,6.6,6.6,8.2,5.7
82,HTC,3,5.7,6.3,6.5,3.5,6.9,5.5
83,HTC,3,5.7,6.3,6.5,3.5,6.9,5.5
84,HTC,3,7.5,6.3,9.0,6.1,8,8.1
85,HTC,3,7.5,6.3,9.0,6.1,8,8.1
86,HTC,3,5.7,6.3,6.5,3.5,6.9,5.5
87,HTC,3,7.2,6.4,8.0,6.6,8.1,8.1
88,HTC,3,7.2,6.4,8.0,6.6,8.1,8.1
89,HTC,3,7.5,6.6,8.6,6.7,7.6,8.2
90,HTC,3,7.5,6.6,8.6,6.7,7.6,8.2
91,HTC,3,7.5,6.6,8.6,6.7,7.6,8.2
92,HTC,3,7.4,6.8,7.8,7.1,8.1,7.2
93,HTC,3,7.4,6.8,7.8,7.1,8.1,7.2
94,HTC,3,7.4,6.8,7.8,7.1,8.1,7.2
95,HTC,3,7.2,6.9,8.3,5.5,7.5,8
96,HTC,3,7.2,6.9,8.3,5.5,7.5,8
97,HTC,3,7.2,6.9,8.3,5.5,7.5,8
98,HTC,3,7.2,6.9,8.3,5.5,7.5,8
99,HTC,3,7.7,7.0,9.5,7.0,7,8
100,HTC,3,7.1,7.0,2.0,6.8,8.1,8.1
101,HTC,3,7.1,7.0,2.0,6.8,8.1,8.1
102,HTC,3,8.5,7.1,9.4,8.6,9.3,8.3
103,HTC,3,8.5,7.1,9.4,8.6,9.3,8.3
104,HTC,3,6.7,7.1,2.5,6.6,8.3,8.5
105,HTC,3,7.8,7.6,8.1,6.5,8.7,8.2
106,HTC,3,7.8,7.6,8.6,6.6,8.3,7.7
107,HTC,3,7.8,7.6,8.6,6.6,8.3,7.7
108,HTC,3,7.4,7.6,8.4,7.2,7.2,6.4
109,HTC,3,8.6,7.7,9.5,7.9,9.5,8.3
110,HTC,3,8.6,7.7,9.5,7.9,9.5,8.3
111,HTC,3,8.6,7.7,9.5,7.9,9.5,8.3
112,HTC,3,8.6,7.7,9.5,7.9,9.5,8.3
113,HTC,3,8.3,7.8,9.1,7.2,9.1,8.4
114,HTC,3,8.0,7.9,8.4,7.4,8.2,8.2
115,HTC,3,8.2,7.9,9.5,6.5,9.7,7.6
116,HTC,3,8.2,7.9,9.5,6.5,9.7,7.6
117,HTC,3,8.2,7.9,9.5,6.5,9.7,7.6
118,HTC,3,8.2,7.9,9.5,6.5,9.7,7.6
119,HTC,3,8.2,8.0,8.9,6.7,9.4,8
120,HTC,3,8.2,8.0,8.9,6.7,9.4,8
121,HTC,3,8.2,8.0,8.9,6.7,9.4,8
122,HTC,3,8.2,8.0,8.9,6.7,9.4,8
123,HTC,3,8.2,8.2,8.8,7.6,8.7,7.8
124,HTC,3,8.2,8.2,8.8,7.6,8.7,7.8
125,HTC,3,8.2,8.2,8.8,7.6,8.7,7.8
126,HTC,3,8.2,8.2,8.8,7.6,8.7,7.8
127,HTC,3,7.6,8.5,7.5,8.0,6.5,7.5
128,HTC,3,9.0,8.5,10.0,7.9,9.8,8.5
129,HTC,3,8.0,8.6,7.6,6.2,9.2,8.5
130,HTC,3,8.4,8.6,8.6,7.6,8.6,8.6
131,HTC,3,9.1,8.6,10.0,7.8,10,9.1
132,HTC,3,9.1,8.6,10.0,7.8,10,9.1
133,HTC,3,8.8,8.9,9.6,8.0,9,8.3
134,HTC,3,8.8,8.9,9.6,8.0,9,8.3
135,HTC,3,8.8,8.9,9.6,8.0,9,8.3
136,HTC,3,8.8,8.9,9.6,8.0,9,8.3
137,HTC,3,8.8,8.9,9.6,8.0,9,8.3
138,HTC,3,8.1,9.3,9.3,8.1,8.9,4.9
140,imoo,0,6.4,5.1,5.9,6.8,7.3,6.8
141,imoo,0,8.6,9.2,7.7,8.7,8.7,8.7
142,innos,0,7.5,7.2,2.0,9.0,7.2,7.8
146,LG,3,8.4,2.0,10.0,10.0,10,10
147,LG,3,4.7,3.9,3.9,5.9,5.9,3.9
148,LG,3,4.0,4.0,4.0,4.0,4,4
149,LG,3,7.0,5.4,7.4,7.4,9.4,5.4
150,LG,3,6.9,5.9,7.2,5.9,7.1,8.4
151,LG,3,6.9,5.9,7.2,5.9,7.1,8.4
152,LG,3,6.4,6.0,6.0,6.0,8,6
153,LG,3,7.0,6.6,8.0,7.1,8.3,8.7
154,LG,3,6.3,6.7,4.7,6.7,8.7,4.7
155,LG,3,8.2,6.7,8.4,7.2,9.9,8.9
156,LG,3,7.4,6.8,4.0,5.9,9,8.5
157,LG,3,7.9,6.8,8.0,6.4,7.2,8.4
158,LG,3,7.2,7.0,7.0,7.6,7,7.6
159,LG,3,7.7,7.2,7.2,6.5,10,7.2
160,LG,3,7.9,7.4,8.2,6.5,10,7.4
161,LG,3,7.8,7.5,8.1,6.3,8.8,8.1
162,LG,3,7.8,7.5,8.1,6.3,8.8,8.1
163,LG,3,8.3,7.6,7.6,9.2,10,6.8
164,LG,3,8.8,8.0,10.0,10.0,8,8
165,LG,3,8.1,8.2,6.0,7.7,7.8,8.9
166,LG,3,8.5,8.3,8.3,8.3,9.3,8.3
167,LG,3,8.3,8.3,9.3,7.3,9.3,7.3
168,LG,3,7.2,8.4,4.4,8.4,8.4,6.4
169,LG,3,8.3,8.5,8.5,7.8,8.9,7.8
170,LG,3,8.3,8.5,8.5,7.8,8.9,7.8
171,LG,3,9.0,8.5,9.6,9.0,9.3,8.5
172,LG,3,8.5,8.6,9.1,7.6,10,6.6
173,LG,3,8.1,8.7,8.4,7.6,8.2,7.6
174,LG,3,9.1,8.8,9.6,7.7,10,9.4
175,LG,3,9.2,8.8,9.4,9.4,9.4,8.8
176,LG,3,9.1,8.8,9.6,7.7,10,9.4
177,LG,3,9.1,8.8,9.6,7.7,10,9.4
178,LG,3,9.1,8.8,9.6,7.7,10,9.4
179,LG,3,9.1,8.8,9.6,7.7,10,9.4
180,LG,3,9.4,8.8,9.8,9.2,10,8.5
181,LG,3,7.9,8.9,8.7,7.1,8.7,5.9
182,LG,3,8.3,8.9,8.9,7.7,9.7,6.5
183,LG,3,8.3,8.9,8.9,7.2,9.2,7.3
184,LG,3,8.3,8.9,8.9,7.2,9.2,7.3
185,LG,3,8.2,9.0,9.0,7.0,9,7
186,LG,3,9.1,9.0,9.1,9.4,9.2,8.6
187,LG,3,9.1,9.0,9.1,9.4,9.2,8.6
188,LG,3,8.0,9.2,8.2,6.2,8.2,8.2
189,LG,3,8.4,9.2,9.2,6.8,8.8,8.1
190,LG,3,8.4,9.2,9.2,6.8,8.8,8.1
191,LG,3,8.4,9.2,9.2,6.8,8.8,8.1
192,LG,3,8.4,9.2,9.2,6.8,8.8,8.1
193,LG,3,7.7,9.3,7.3,6.3,9.3,6.3
194,LG,3,9.1,9.7,9.7,9.1,9.7,7.1
195,LG,3,8.4,10.0,9.0,8.0,9.5,5.5
201,Lovme,1,3.3,3.3,3.3,3.3,3.3,3.3
202,Lovme,1,4.1,4.0,4.0,4.0,4.6,4
203,Lovme,1,5.1,5.5,5.1,5.1,6.3,3.5
204,Lovme,1,6.8,6.4,7.5,5.2,7.7,7
205,Lovme,1,7.9,9.3,9.3,4.3,7.3,9.3
206,MANN,0,8.1,8.3,8.3,8.3,8.3,7.5
207,MANN,0,9.1,9.3,7.3,10.0,10,6.8
208,MANN,0,9.1,9.4,8.9,9.3,8.9,9.2
209,MANN,0,9.1,9.4,8.9,9.3,8.9,9.2
215,manta,0,5.5,3.5,4.9,7.2,6.3,5.5
218,Microsoft,3,6.2,5.0,3.7,9.0,8.4,5
219,Microsoft,3,6.8,5.4,7.0,7.0,5.9,8.5
220,Microsoft,3,6.9,5.7,7.2,6.9,6.5,8.2
221,Microsoft,3,6.9,5.8,6.7,7.5,7.3,7.3
222,Microsoft,3,6.1,5.8,6.3,6.3,5.8,6.3
223,Microsoft,3,7.0,6.8,6.4,7.8,7.2,6.8
224,Microsoft,3,7.4,7.0,6.7,9.5,8.5,5.4
225,Microsoft,3,7.1,7.1,7.1,9.3,8.6,3.6
226,Microsoft,3,7.4,7.6,7.3,7.1,8.3,6.8
227,Moto,3,8.4,4.4,10.0,6.4,10,10
228,Moto,3,5.6,4.5,6.1,4.3,7.6,5.6
229,Moto,3,5.6,4.5,6.1,4.3,7.6,5.6
230,Moto,3,5.6,4.5,6.1,4.3,7.6,5.6
231,Moto,3,6.2,5.8,6.0,5.1,8,6.3
232,Moto,3,6.2,5.8,6.0,5.1,8,6.3
233,Moto,3,6.2,5.8,6.0,5.1,8,6.3
234,Moto,3,6.2,5.8,6.0,5.1,8,6.3
235,Moto,3,7.7,6.1,5.5,8.3,8.1,8.4
236,Moto,3,6.2,6.2,6.6,5.4,7.2,5.6
237,Moto,3,8.6,6.2,8.2,8.2,10,10
238,Moto,3,7.1,6.3,6.3,8.3,8.3,6.3
239,Moto,3,6.8,6.5,7.0,6.0,8.5,6
240,Moto,3,7.8,6.9,7.0,7.7,8.1,8.2
241,Moto,3,7.6,7.0,6.0,8.0,8.2,8.1
242,Moto,3,7.3,7.2,7.7,5.8,9.5,6.5
243,Moto,3,7.4,7.2,5.0,7.1,8.8,6.6
244,Moto,3,7.4,7.2,5.0,7.1,8.8,6.6
245,Moto,3,7.4,7.2,5.0,7.1,8.8,6.6
246,Moto,3,6.7,7.5,7.5,5.5,7.5,5.5
247,Moto,3,7.3,7.6,7.2,6.3,8.2,7
248,Moto,3,7.3,7.6,7.2,6.3,8.2,7
249,Moto,3,8.3,7.7,7.7,6.7,9.7,9.7
250,Moto,3,7.3,7.9,7.9,6.9,8.9,4.9
251,Moto,3,8.4,8.0,8.9,8.1,9.6,7.5
252,Moto,3,8.2,8.3,8.3,8.3,7.7,8.3
253,Moto,3,7.9,8.4,7.6,7.4,8.4,7.6
254,Moto,3,7.9,8.4,7.6,7.4,8.4,7.6
255,Moto,3,7.9,8.4,5.5,6.5,7.8,9
256,Moto,3,7.3,8.5,6.5,4.5,10,6.5
257,Moto,3,7.3,8.5,6.5,4.5,10,6.5
258,Moto,3,8.2,8.6,8.6,8.6,8.6,6.6
259,Moto,3,8.0,8.8,8.3,6.9,8.7,7.3
260,Moto,3,8.0,8.8,8.3,6.9,8.7,7.3
261,Moto,3,8.0,8.8,8.3,6.9,8.7,7.3
262,Moto,3,8.0,8.8,8.3,6.9,8.7,7.3
263,Moto,3,8.0,8.8,8.3,6.9,8.7,7.3
264,Moto,3,9.0,8.9,8.9,8.9,9.6,8.9
265,Moto,3,8.1,8.9,8.9,8.9,4.9,8.9
266,Moto,3,7.7,9.0,7.4,8.1,8.3,5.8
267,Moto,3,8.7,9.5,9.5,7.5,9.5,7.5
268,Moto,3,8.5,9.9,8.2,6.9,9.2,8.2
269,Moto,3,7.7,10.0,3.3,9.3,10,3.3
270,Moto,3,7.7,10.0,3.3,9.3,10,3.3
271,Moto,3,9.5,10.0,10.0,8.7,10,6.7
272,Moto,3,7.7,10.0,3.3,9.3,10,3.3
273,Moto,3,7.7,10.0,3.3,9.3,10,3.3
274,Moto,3,7.7,10.0,3.3,9.3,10,3.3
275,Moto,3,7.7,10.0,3.3,9.3,10,3.3
286,OPPO,3,6.8,5.0,7.0,6.2,8.3,7.6
287,OPPO,3,6.7,5.2,7.2,5.7,8.3,7.3
288,OPPO,3,6.5,5.2,6.9,4.9,8.6,7
289,OPPO,3,6.6,5.2,7.0,5.3,8.4,7.3
290,OPPO,3,6.6,5.2,7.0,5.3,8.4,7.3
291,OPPO,3,6.6,5.5,7.1,4.9,8.1,7.3
292,OPPO,3,6.6,5.5,7.1,4.9,8.1,7.3
293,OPPO,3,7.0,5.6,7.3,5.8,8.7,7.7
294,OPPO,3,6.3,5.6,7.2,6.4,7.2,4.9
295,OPPO,3,6.3,5.6,6.6,5.3,6.6,7.4
296,OPPO,3,6.3,5.6,6.6,5.3,6.6,7.4
297,OPPO,3,6.3,5.6,6.8,5.5,7.4,6.2
298,OPPO,3,7.3,5.7,7.9,7.2,7.9,7.9
299,OPPO,3,6.5,5.7,7.3,6.1,6.8,6.7
300,OPPO,3,6.3,5.9,6.6,5.6,7.6,5.6
301,OPPO,3,6.3,5.9,6.6,5.6,7.6,5.6
302,OPPO,3,6.5,5.9,6.8,5.7,7.4,6.6
303,OPPO,3,6.5,5.9,6.8,5.7,7.4,6.6
304,OPPO,3,6.5,5.9,6.8,5.7,7.4,6.6
305,OPPO,3,6.3,5.9,6.6,5.6,7.6,5.6
306,OPPO,3,6.4,6.0,6.7,4.6,7.7,6.8
307,OPPO,3,6.4,6.1,7.1,5.3,7.4,6.3
308,OPPO,3,6.5,6.2,2.0,6.2,7.3,7.2
309,OPPO,3,6.5,6.2,2.0,6.2,7.3,7.2
310,OPPO,3,6.6,6.3,2.0,6.4,7.8,7.4
311,OPPO,3,7.7,6.3,8.3,6.8,8.6,8.5
312,OPPO,3,7.7,6.3,8.3,6.8,8.6,8.5
313,OPPO,3,7.6,6.6,8.3,6.6,8.1,8.4
314,OPPO,3,7.6,6.6,8.3,6.6,8.1,8.4
315,OPPO,3,7.6,6.6,8.3,6.6,8.1,8.4
316,OPPO,3,7.5,6.6,2.0,5.8,8.1,8.4
317,OPPO,3,7.1,6.7,6.8,6.3,8,7.5
318,OPPO,3,7.1,6.7,6.8,6.3,8,7.5
319,OPPO,3,7.1,6.7,6.8,6.3,8,7.5
320,OPPO,3,7.3,6.7,8.0,6.7,9,6.1
321,OPPO,3,7.5,6.7,8.0,6.6,8.6,7.6
322,OPPO,3,7.6,6.7,8.8,5.3,9,8
323,OPPO,3,7.6,6.7,8.8,5.3,9,8
324,OPPO,3,7.6,6.7,8.8,5.3,9,8
325,OPPO,3,7.5,6.7,8.0,6.6,8.6,7.6
326,OPPO,3,7.7,6.8,8.2,5.9,9.1,8.6
327,OPPO,3,7.7,6.8,8.2,5.9,9.1,8.6
328,OPPO,3,7.7,6.8,8.2,5.9,9.1,8.6
329,OPPO,3,7.3,6.9,7.6,6.0,9.3,6.9
330,OPPO,3,7.0,6.9,7.3,6.5,7.7,6.5
331,OPPO,3,7.5,6.9,7.6,6.6,8.5,7.9
332,OPPO,3,8.4,7.1,8.0,8.4,8.5,9.1
333,OPPO,3,7.8,7.1,8.0,6.4,8.6,9
334,OPPO,3,7.9,7.1,8.3,6.9,8.6,8.7
335,OPPO,3,7.9,7.1,8.3,6.9,8.6,8.7
336,OPPO,3,8.4,7.1,8.0,8.4,8.5,9.1
337,OPPO,3,7.9,7.2,4.0,7.5,8.8,8.7
338,OPPO,3,8.6,7.2,7.5,8.4,9.1,9.7
339,OPPO,3,7.9,7.2,4.0,7.5,8.8,8.7
340,OPPO,3,7.9,7.2,4.0,7.5,8.8,8.7
341,OPPO,3,8.4,7.4,8.9,7.5,8.7,9.5
342,OPPO,3,8.4,7.4,8.9,7.5,8.7,9.5
343,OPPO,3,8.0,7.5,4.0,7.7,8.6,8.8
344,OPPO,3,8.4,7.5,8.6,8.5,8.9,8.7
345,OPPO,3,8.4,7.5,8.6,8.5,8.9,8.7
346,OPPO,3,8.4,7.5,8.6,8.5,8.9,8.7
347,OPPO,3,8.4,7.5,8.6,8.5,8.9,8.7
348,OPPO,3,8.4,7.5,8.6,8.5,8.9,8.7
349,OPPO,3,7.9,7.7,4.0,7.7,8.8,8.5
350,OPPO,3,7.7,7.7,2.0,7.5,8.9,7.9
351,OPPO,3,7.7,7.7,2.0,7.5,8.9,7.9
352,OPPO,3,7.7,7.7,2.0,7.5,8.9,7.9
353,OPPO,3,8.4,8.0,5.0,7.9,9.1,9.7
354,OPPO,3,8.4,8.0,5.0,7.9,9.1,9.7
355,OPPO,3,7.9,8.1,4.0,7.6,8.7,8.6
356,OPPO,3,8.0,8.7,2.0,7.8,9.4,8
357,OPPO,3,8.0,8.7,2.0,7.8,9.4,8
358,PPTV,0,5.3,4.5,4.0,4.4,6.1,5.4
359,PPTV,0,5.3,4.5,4.0,4.4,6.1,5.4
360,PPTV,0,7.4,7.3,7.5,7.5,7.3,7.3
361,PPTV,0,6.0,8.2,2.0,8.2,8.8,8.5
362,sonim,1,5.2,5.6,3.6,9.6,3.6,3.6
363,sonim,1,6.0,6.0,6.0,6.0,6,6
364,sonim,1,7.1,6.3,5.3,8.3,8.3,7.3
365,sonim,1,7.5,7.1,2.0,8.6,9.7,8
366,sonim,1,7.0,8.6,4.6,10.0,6.6,4.6
375,SOYES,1,7.5,7.5,7.5,7.5,7.5,7.5
377,SUGAR,3,4.5,3.7,3.7,3.7,3.7,7.7
378,SUGAR,3,5.4,3.8,4.8,3.8,8.3,6.3
379,SUGAR,3,5.4,3.8,4.8,3.8,8.3,6.3
380,SUGAR,3,4.7,3.8,4.4,5.1,5.1,5.1
381,SUGAR,3,4.4,4.2,4.6,3.0,5.4,4.6
382,SUGAR,3,4.9,4.3,4.3,4.0,6.3,5.6
383,SUGAR,3,4.9,4.5,3.5,5.5,6,6
384,SUGAR,3,6.5,6.2,6.2,6.2,7.7,6.2
385,SUGAR,3,6.3,6.9,5.6,6.3,6.6,5.9
386,SUGAR,3,7.0,7.0,7.0,7.0,7,7
387,SUGAR,3,9.3,8.9,9.7,7.9,10,9.7
388,SUGAR,3,9.3,8.9,9.7,7.9,10,9.7
389,SUGAR,3,9.6,9.7,8.4,8.4,10,9
392,TCL,2,2.0,2.0,2.0,2.0,2,2
393,TCL,2,4.2,2.3,3.6,5.6,5,4.3
394,TCL,2,3.2,2.9,2.9,3.6,3.6,2.9
395,TCL,2,3.0,3.0,3.0,3.0,3,3
396,TCL,2,3.7,3.3,3.3,3.3,5.3,3.3
397,TCL,2,3.5,3.4,4.0,4.0,3.4,2.7
398,TCL,2,3.9,3.4,4.2,3.8,4.4,3.5
399,TCL,2,4.3,3.8,3.5,4.3,5.3,4.5
400,TCL,2,4.8,3.8,4.1,5.2,6.4,4.4
401,TCL,2,3.1,3.9,3.9,3.9,1.9,1.9
402,TCL,2,5.0,4.3,5.6,4.3,7,3.6
403,TCL,2,4.1,4.3,3.9,4.5,4.2,3.5
404,TCL,2,4.1,4.3,3.9,4.5,4.2,3.5
405,TCL,2,4.9,4.5,5.0,5.0,6,4
406,TCL,2,4.6,4.5,5.1,4.8,4.8,3.6
407,TCL,2,6.1,4.9,5.4,9.2,5.8,5.4
408,TCL,2,5.3,5.4,5.7,3.6,7.1,4.8
409,TCL,2,6.0,5.4,6.4,6.9,6.4,4.9
410,TCL,2,5.5,5.5,4.5,2.5,7.5,7.5
411,TCL,2,6.3,5.7,3.0,4.9,8,6.7
412,TCL,2,6.0,6.0,6.0,6.0,6,6
413,TCL,2,6.4,6.0,4.0,5.4,7.7,6.6
414,TCL,2,4.8,6.4,2.0,5.0,5.3,3.9
415,TCL,2,5.8,6.7,6.1,4.8,7.3,4.1
416,TCL,2,6.8,6.7,6.6,7.1,7.7,5.9
417,TCL,2,6.8,6.7,6.6,7.1,7.7,5.9
418,TCL,2,7.1,7.1,8.2,5.9,7.9,6.2
419,TCL,2,6.9,7.5,7.0,5.5,9,5.5
420,TCL,2,6.9,7.5,6.8,6.3,6.8,7.3
421,TCL,2,7.0,7.5,7.0,7.1,7.2,6.4
422,TCL,2,7.0,7.5,7.0,7.1,7.2,6.4
423,TCL,2,7.0,7.5,7.0,7.1,7.2,6.4
424,TCL,2,6.8,7.5,6.6,6.3,6.9,6.9
425,TCL,2,8.4,7.6,10.0,7.6,7.6,7.6
426,TCL,2,7.2,7.6,7.6,7.6,7.6,5.6
427,TCL,2,7.8,7.7,7.5,7.2,8.6,7.4
428,TCL,2,6.0,7.7,1.0,5.5,7.9,7.2
429,TCL,2,7.0,8.2,2.0,6.7,8,7.2
430,TCL,2,8.1,8.7,8.1,7.4,10,6.1
431,TCL,2,7.6,9.6,7.6,1.6,9.6,9.6
432,TCL,2,8.4,9.6,9.6,7.6,8.6,6.6
433,TCL,2,10.0,10.0,10.0,10.0,10,10
441,VEB,0,8.6,5.0,7.0,9.0,10,9
442,VEB,0,5.6,5.9,5.3,5.7,5.3,5.9
443,VEB,0,5.6,5.9,5.3,5.7,5.3,5.9
444,VEB,0,5.6,5.9,5.3,5.7,5.3,5.9
446,vivo,3,6.1,4.8,6.0,6.1,7.4,6
447,vivo,3,6.1,4.8,6.0,6.1,7.4,6
448,vivo,3,6.6,5.2,7.4,4.9,8.2,7.2
449,vivo,3,6.6,5.2,7.4,4.9,8.2,7.2
450,vivo,3,6.2,5.4,6.7,5.6,7.6,5.9
451,vivo,3,6.2,5.4,6.7,5.6,7.6,5.9
452,vivo,3,6.0,5.5,7.5,4.8,7.5,4.8
453,vivo,3,6.0,5.5,7.5,4.8,7.5,4.8
454,vivo,3,6.7,5.6,7.2,5.7,8,6.9
455,vivo,3,6.9,5.6,7.3,6.2,8.4,7
456,vivo,3,6.8,5.8,7.7,5.3,8.2,7.1
457,vivo,3,6.8,5.8,7.7,5.3,8.2,7.1
458,vivo,3,6.8,5.8,7.7,5.3,8.2,7.1
459,vivo,3,6.7,5.9,7.7,5.7,8,6.3
460,vivo,3,6.6,5.9,6.6,5.8,8,6.7
461,vivo,3,6.7,5.9,7.7,5.7,8,6.3
462,vivo,3,6.4,6.0,4.0,6.5,7.7,6.7
463,vivo,3,6.3,6.0,4.0,6.7,7.7,6.5
464,vivo,3,6.7,6.1,6.8,7.1,7.3,6.1
465,vivo,3,6.7,6.2,6.9,6.6,7.4,6.2
466,vivo,3,7.0,6.3,7.5,6.2,8.2,6.9
467,vivo,3,6.6,6.3,6.7,6.8,7.4,5.8
468,vivo,3,6.6,6.3,6.7,6.8,7.4,5.8
469,vivo,3,7.0,6.3,7.5,6.2,8.2,6.9
470,vivo,3,7.1,6.4,4.0,6.0,7.7,7.5
471,vivo,3,7.1,6.4,4.0,6.0,7.7,7.5
472,vivo,3,7.1,6.4,4.0,6.0,7.7,7.5
473,vivo,3,7.1,6.4,4.0,6.0,7.7,7.5
474,vivo,3,6.7,6.5,2.0,6.3,8.2,7.1
475,vivo,3,6.7,6.5,2.0,6.3,8.2,7.1
476,vivo,3,7.4,6.5,4.0,6.4,8,8.4
477,vivo,3,7.4,6.5,4.0,6.4,8,8.4
478,vivo,3,6.4,6.6,4.0,6.0,7.6,6.4
479,vivo,3,7.4,6.7,6.0,6.6,8.4,7.3
480,vivo,3,7.2,6.7,7.6,6.2,8.5,7.2
481,vivo,3,7.2,6.7,7.6,6.2,8.5,7.2
482,vivo,3,7.7,6.9,4.0,7.9,8.6,8
483,vivo,3,7.7,6.9,4.0,7.9,8.6,8
484,vivo,3,8.0,7.1,6.0,7.7,8.6,8.4
485,vivo,3,8.0,7.1,8.8,7.3,8.1,8.8
486,vivo,3,8.0,7.1,8.8,7.3,8.1,8.8
487,vivo,3,8.0,7.1,8.8,7.3,8.1,8.8
488,vivo,3,8.0,7.1,6.0,7.7,8.6,8.4
489,vivo,3,8.8,7.2,8.0,8.8,9.3,9.6
490,vivo,3,7.9,7.2,7.0,6.9,8.4,8.4
491,vivo,3,8.0,7.3,9.2,7.2,8.3,8
492,vivo,3,8.6,7.5,10.0,8.3,8.6,8.8
493,vivo,3,8.6,7.5,10.0,8.3,8.6,8.8
494,vivo,3,8.1,7.7,5.5,8.4,8.7,9.3
495,vivo,3,8.1,7.7,5.5,8.4,8.7,9.3
496,vivo,3,9.0,7.8,9.0,9.1,9.4,9.7
497,vivo,3,8.4,7.9,7.0,8.3,8.8,8.7
501,邦华,2,4.8,0.8,4.8,5.8,6.8,5.8
502,邦华,2,4.5,3.1,4.1,5.1,7.1,3.1
503,邦华,2,4.1,3.3,3.3,5.3,5.3,3.3
504,邦华,2,5.1,3.9,5.9,5.9,3.9,5.9
505,邦华,2,8.0,4.2,9.2,10.0,8.2,8.2
506,邦华,2,4.8,4.4,4.4,6.4,4.4,4.4
507,邦华,2,4.6,4.8,1.8,5.8,5.8,4.8
508,邦华,2,5.7,5.3,5.3,5.3,7.3,5.3
509,邦华,2,6.1,5.3,6.5,6.5,6.5,5.8
510,邦华,2,3.8,5.4,3.4,3.4,3.4,3.4
511,邦华,2,7.6,5.4,7.4,7.4,9.4,8.4
512,邦华,2,6.5,5.5,7.3,5.4,7.7,6.5
513,邦华,2,6.0,6.0,6.0,5.0,7,6
514,邦华,2,6.0,6.0,6.0,6.0,6,6
515,邦华,2,6.0,6.0,5.0,6.0,6,7
516,邦华,2,6.4,6.2,6.2,7.5,6.8,5.5
517,邦华,2,5.8,6.2,6.2,5.7,5.7,5.2
518,邦华,2,6.8,6.4,6.2,8.7,6.2,6.6
519,邦华,2,7.3,6.6,7.1,6.4,8,8.2
520,邦华,2,6.1,6.9,6.9,4.9,5.9,5.9
521,邦华,2,5.8,7.0,5.0,7.0,7,3
522,邦华,2,7.3,7.0,6.6,7.1,7.9,7.7
523,邦华,2,8.2,7.4,7.4,9.4,9.4,7.4
524,邦华,2,6.6,7.5,5.5,8.2,6.2,5.5
525,邦华,2,8.4,7.8,8.1,7.5,9.5,9
526,邦华,2,8.4,8.0,8.0,8.0,10,8
527,邦华,2,7.2,8.1,2.0,8.6,7.8,7.6
528,邦华,2,5.8,8.2,2.2,2.2,8.2,8.2
529,邦华,2,8.8,8.6,8.6,8.6,9,9
530,邦华,2,7.7,8.7,8.7,4.7,8.7,7.7
531,邦华,2,8.7,8.7,8.7,9.7,8.7,7.7
532,邦华,2,7.9,8.9,7.6,7.6,8.3,6.9
533,邦华,2,9.9,9.3,10.0,10.0,10,10
534,邦华,2,9.0,9.3,8.7,9.0,9.3,8.7
535,邦华,2,9.3,9.3,9.3,9.3,9.3,9.3
536,邦华,2,9.3,9.4,8.4,8.9,10,9.4
537,邦华,2,9.4,9.6,9.2,10.0,9.2,8.8
538,邦华,2,7.5,9.9,7.9,5.9,7.9,5.9
539,邦华,2,10.0,10.0,10.0,10.0,10,10
540,邦华,2,10.0,10.0,10.0,10.0,10,10
541,邦华,2,10.0,10.0,10.0,10.0,10,10
542,邦华,2,10.0,10.0,10.0,10.0,10,10
543,邦华,2,10.0,10.0,10.0,10.0,10,10
544,邦华,2,7.9,10.0,8.3,2.3,10,8.3
545,邦华,2,8.6,10.0,7.0,9.0,10,5
564,锤子科技,3,7.4,6.4,8.0,7.1,7.7,7.7
565,锤子科技,3,7.4,6.4,8.0,7.1,7.7,7.7
566,锤子科技,3,7.5,6.9,7.8,6.9,8.5,7.5
567,锤子科技,3,7.3,7.5,7.5,6.7,8.2,6.5
568,锤子科技,3,7.3,7.5,7.5,6.7,8.2,6.5
569,锤子科技,3,7.3,7.5,7.5,6.7,8.2,6.5
570,锤子科技,3,7.3,7.5,7.5,6.7,8.2,6.5
571,锤子科技,3,7.3,7.5,7.5,6.7,8.2,6.5
572,锤子科技,3,7.3,7.5,7.5,6.7,8.2,6.5
573,锤子科技,3,8.3,8.1,10.0,8.9,7.7,8.1
574,锤子科技,3,8.3,8.1,10.0,8.9,7.7,8.1
575,锤子科技,3,8.3,8.1,10.0,8.9,7.7,8.1
576,大神,3,6.4,6.2,6.4,5.1,7.2,6.9
577,大神,3,6.4,6.2,6.4,5.1,7.2,6.9
578,大神,3,6.4,6.2,6.4,5.1,7.2,6.9
579,大神,3,6.9,7.0,7.1,6.4,7.4,6.4
580,大神,3,6.5,7.0,2.0,6.6,7.1,6.9
581,大神,3,6.5,7.0,2.0,6.6,7.1,6.9
582,大神,3,6.5,7.0,2.0,6.6,7.1,6.9
583,大神,3,6.7,7.1,7.0,5.3,7,6.9
584,大神,3,6.7,7.1,7.0,5.3,7,6.9
585,大神,3,6.7,7.1,7.0,5.3,7,6.9
586,大神,3,6.7,7.1,7.0,5.3,7,6.9
587,大神,3,7.4,8.1,7.5,7.4,7.1,7.1
588,大神,3,8.0,8.1,8.7,7.7,8.1,7.3
589,大神,3,8.0,8.1,8.7,7.7,8.1,7.3
590,大神,3,8.0,8.1,8.7,7.7,8.1,7.3
591,大神,3,7.7,8.4,7.9,7.1,7.8,7.4
592,大神,3,7.7,8.4,7.9,7.1,7.8,7.4
593,大神,3,7.7,8.4,7.9,7.1,7.8,7.4
594,大神,3,7.7,8.4,7.9,7.1,7.8,7.4
595,大神,3,7.7,8.4,7.9,7.1,7.8,7.4
596,大神,3,7.7,8.4,7.9,7.1,7.8,7.4
597,独影天幕,0,9.4,9.2,9.7,9.7,8.9,9.3
600,朵唯,2,4.8,3.2,5.2,3.2,7.2,5.2
601,朵唯,2,5.0,3.7,5.1,3.1,6.8,6.3
602,朵唯,2,5.9,4.3,3.5,5.4,6.6,5.8
603,朵唯,2,5.5,4.3,5.0,4.6,7.7,5.7
604,朵唯,2,5.6,4.4,5.6,4.4,7.4,6
605,朵唯,2,5.6,4.4,5.6,4.4,7.4,6
606,朵唯,2,4.8,4.5,4.8,4.2,5.1,5.4
607,朵唯,2,5.0,4.6,4.6,5.6,5.6,4.6
608,朵唯,2,4.8,4.6,4.6,3.6,6.6,4.6
609,朵唯,2,6.0,4.7,6.0,4.4,8.4,6.4
610,朵唯,2,6.0,4.7,6.0,4.4,8.4,6.4
611,朵唯,2,5.6,4.8,6.8,6.8,4.8,4.8
612,朵唯,2,6.0,4.8,6.2,4.8,7.7,6.5
613,朵唯,2,6.0,4.8,6.2,4.8,7.7,6.5
614,朵唯,2,6.1,4.9,6.4,5.9,7.4,6
615,朵唯,2,6.1,4.9,6.4,5.9,7.4,6
616,朵唯,2,5.2,5.0,2.0,4.4,6.7,5.7
617,朵唯,2,5.7,5.1,2.0,5.0,7.3,5.4
618,朵唯,2,6.0,5.1,6.6,4.2,7.9,6.2
619,朵唯,2,5.6,5.1,5.8,4.8,5.9,6.4
620,朵唯,2,6.3,5.1,6.7,5.3,8.2,6.4
621,朵唯,2,6.3,5.1,6.7,5.3,8.2,6.4
622,朵唯,2,6.4,5.3,6.3,4.7,8.2,7.7
623,朵唯,2,6.4,5.3,6.3,4.7,8.2,7.7
624,朵唯,2,6.4,5.3,6.3,4.7,8.2,7.7
625,朵唯,2,6.4,5.4,6.4,7.1,7.4,5.9
626,朵唯,2,6.4,5.4,6.4,7.1,7.4,5.9
627,朵唯,2,6.1,5.4,6.4,3.3,8,7.2
628,朵唯,2,6.1,5.6,3.5,5.4,7.4,6.5
629,朵唯,2,6.1,5.6,3.5,5.4,7.4,6.5
630,朵唯,2,5.2,5.6,5.6,5.6,5.6,3.6
631,朵唯,2,6.2,5.8,5.8,5.4,7.3,6.6
632,朵唯,2,6.2,5.8,5.8,5.4,7.3,6.6
633,朵唯,2,6.6,5.8,6.8,5.7,7.9,6.9
634,朵唯,2,6.6,5.8,6.8,5.7,7.9,6.9
635,朵唯,2,5.9,5.9,5.9,3.9,5.9,7.9
636,朵唯,2,6.0,6.0,6.0,6.0,6,6
637,朵唯,2,6.8,6.2,2.0,6.4,8.3,6.3
638,朵唯,2,5.9,6.2,5.9,4.9,7.6,4.9
639,朵唯,2,5.9,6.2,5.9,4.9,7.6,4.9
640,朵唯,2,6.6,6.2,6.7,5.4,7.4,7.3
641,朵唯,2,7.1,6.3,8.1,6.4,8.3,6.5
642,朵唯,2,6.1,6.3,2.0,6.3,6.6,6.6
643,朵唯,2,6.9,6.4,7.0,6.6,7.4,7.1
644,朵唯,2,6.6,6.9,2.0,6.4,8,6.7
645,朵唯,2,7.1,7.2,7.2,6.6,7.9,6.6
646,朵唯,2,7.6,7.6,2.0,7.6,8.9,8.2
647,朵唯,2,8.3,7.8,8.2,7.2,9.3,8.8
648,朵唯,2,8.3,8.3,8.2,7.3,9,8.5
649,朵唯,2,8.3,8.3,8.2,7.3,9,8.5
650,朵唯,2,8.4,8.6,8.5,7.8,8.6,8.5
651,朵唯,2,8.4,8.6,8.5,7.8,8.6,8.5
652,朵唯,2,9.0,9.1,8.8,8.5,9.9,8.5
653,朵唯,2,9.0,9.1,8.8,8.5,9.9,8.5
686,飞利浦,2,5.1,4.7,4.7,4.7,6.7,4.7
687,飞利浦,2,6.6,4.8,4.8,8.8,9.8,4.8
688,飞利浦,2,8.1,4.8,7.5,10.0,9.8,7.8
689,飞利浦,2,6.6,5.3,6.0,6.6,8.1,6.8
690,飞利浦,2,4.7,5.5,3.5,9.5,3.5,1.5
691,飞利浦,2,6.6,5.6,7.6,7.6,6.1,6.1
692,飞利浦,2,7.7,5.7,7.7,10.0,7.7,5.7
693,飞利浦,2,7.8,5.7,7.3,9.7,8,8.3
694,飞利浦,2,7.0,6.0,7.0,8.0,7,7
695,飞利浦,2,6.8,6.0,7.1,5.3,8.5,7.1
696,飞利浦,2,8.0,6.8,7.9,9.3,7.2,8.6
697,飞利浦,2,7.5,6.8,7.0,8.3,7.5,7.9
698,飞利浦,2,8.1,6.9,8.1,9.8,8,7.5
699,飞利浦,2,7.0,7.0,7.0,7.0,7,7
700,飞利浦,2,8.2,7.0,8.4,8.1,8.6,8.8
701,飞利浦,2,7.3,7.2,7.2,8.1,7.2,6.6
702,飞利浦,2,8.2,7.3,8.5,8.7,8.3,8.3
703,飞利浦,2,8.2,7.3,8.5,8.7,8.3,8.3
704,飞利浦,2,6.9,7.3,6.6,6.6,7.3,6.6
705,飞利浦,2,7.4,7.4,7.4,7.4,7.4,7.4
706,飞利浦,2,6.3,7.5,3.5,9.5,7.5,3.5
707,飞利浦,2,7.8,7.6,7.4,8.2,8.4,7.4
708,飞利浦,2,7.0,7.6,2.0,8.9,6,7.2
709,飞利浦,2,8.0,7.7,4.0,8.9,8.4,7.9
710,飞利浦,2,6.9,7.7,5.6,7.4,8.1,5.6
711,飞利浦,2,7.2,7.7,7.7,8.4,6.4,5.7
712,飞利浦,2,7.2,7.7,7.7,8.4,6.4,5.7
713,飞利浦,2,8.0,8.1,7.0,8.0,9,8
714,飞利浦,2,8.3,8.3,8.3,8.3,8.3,8.3
715,飞利浦,2,8.5,8.3,7.3,9.3,9.3,8.3
716,飞利浦,2,8.0,8.4,7.6,9.3,8.6,6.3
717,飞利浦,2,6.7,8.4,5.8,9.1,7.1,3.1
718,飞利浦,2,8.6,8.6,8.6,8.6,8.6,8.6
719,飞利浦,2,7.6,8.7,2.0,7.4,8.1,8.3
720,飞利浦,2,9.2,8.8,9.8,10.0,10,3.8
721,飞利浦,2,9.2,8.8,9.8,10.0,10,3.8
722,飞利浦,2,8.2,9.0,7.0,9.0,9,7
723,飞利浦,2,8.3,9.1,5.1,10.0,10,5.1
724,飞利浦,2,8.4,9.2,8.2,7.9,9.2,7.4
725,飞利浦,2,8.9,9.4,8.7,8.3,8.8,9.5
726,飞利浦,2,8.8,9.5,7.5,9.9,9.5,7.5
727,飞利浦,2,9.1,10.0,9.1,10.0,10,3.1
728,飞利浦,2,8.9,10.0,6.1,10.0,10,8.1
729,飞利浦,2,9.0,10.0,6.2,10.0,8.2,10
730,飞利浦,2,9.0,10.0,9.4,10.0,9.4,3.4
755,富可视,0,5.0,4.0,5.2,4.0,6.8,5.2
756,富可视,0,5.0,4.9,4.9,5.9,4.9,4.4
757,富可视,0,6.8,5.6,8.6,7.6,5.6,6.6
758,富可视,0,6.1,5.7,5.6,6.4,7.2,5.8
759,富可视,0,6.6,7.5,6.6,7.0,6.4,5.7
760,富可视,0,7.4,8.2,8.2,6.9,5.9,8
761,富可视,0,7.4,8.7,7.2,7.2,7.7,6.2
762,格力,0,5.5,4.9,5.7,6.3,5.2,5.3
763,格力,0,7.7,6.7,8.0,8.6,7.5,7.6
801,海尔,2,3.2,2.8,2.8,2.8,4.8,2.8
802,海尔,2,5.9,4.7,4.7,6.7,6.7,6.7
803,海尔,2,4.7,5.9,3.9,3.9,5.9,3.9
804,海尔,2,6.8,6.4,8.4,6.4,6.4,6.4
805,海尔,2,7.9,8.3,8.3,8.3,7.3,7.3
806,海尔,2,9.3,8.9,10.0,8.9,8.9,8.9
847,海信,2,2.0,2.0,2.0,2.0,2,2
848,海信,2,4.0,4.0,4.0,4.0,4,4
849,海信,2,6.9,4.3,7.3,6.3,8.3,8.3
850,海信,2,7.7,4.9,6.9,10.0,8.9,6.9
851,海信,2,6.2,5.1,6.4,7.1,7.1,5.1
852,海信,2,6.2,5.1,6.4,7.1,7.1,5.1
853,海信,2,5.6,5.1,5.1,4.4,8.1,5.4
854,海信,2,6.2,5.1,6.4,7.1,7.1,5.1
855,海信,2,6.6,5.8,6.5,5.8,8.3,6.5
856,海信,2,5.3,6.1,4.0,6.7,7.4,6.7
857,海信,2,5.1,6.2,5.2,5.2,5.2,3.7
858,海信,2,6.6,6.6,6.6,6.1,7.6,6.1
859,海信,2,7.7,7.0,7.0,8.3,8.3,7.7
860,海信,2,7.9,7.1,7.1,9.1,9.1,7.1
861,海信,2,5.5,7.1,5.1,5.1,5.1,5.1
862,海信,2,7.8,7.1,6.5,8.5,8.5,8.5
863,海信,2,7.1,7.1,7.1,7.1,7.6,6.8
864,海信,2,5.9,7.1,5.1,5.1,5.1,7.1
865,海信,2,6.1,7.1,6.1,4.1,7.1,6.1
866,海信,2,6.8,7.2,7.2,7.2,7.2,5.2
867,海信,2,7.8,7.4,8.1,8.1,6.7,8.7
868,海信,2,8.0,7.4,8.8,7.0,9.7,7.2
869,海信,2,7.4,7.6,7.8,7.3,7.3,6.8
870,海信,2,8.3,7.7,8.2,9.7,8.5,7.5
871,海信,2,7.6,8.0,8.0,6.0,8,8
872,海信,2,6.9,8.1,5.1,7.1,7.1,7.1
873,海信,2,8.1,8.1,9.1,7.1,8.1,8.1
874,海信,2,8.5,8.3,9.3,5.3,9.3,10
875,海信,2,7.9,8.5,2.0,8.7,8.7,8.4
876,海信,2,7.9,8.5,2.0,8.7,8.7,8.4
877,海信,2,8.3,8.8,8.2,7.5,8.8,8.2
878,海信,2,8.8,8.9,9.3,8.1,8.9,8.9
879,海信,2,8.8,8.9,9.3,8.1,8.9,8.9
880,海信,2,9.3,9.0,9.7,9.0,9,9.7
881,海信,2,6.8,9.2,3.2,9.2,7.2,5.2
882,海信,2,9.6,9.4,9.9,9.4,9.9,9.4
883,海信,2,9.6,9.4,9.9,9.4,9.9,9.4
884,海信,2,9.6,9.4,9.9,9.4,9.9,9.4
885,海信,2,10.0,9.4,10.0,9.4,10,10
886,海信,2,7.5,9.5,5.5,9.5,9.5,3.5
887,海信,2,8.6,10.0,8.6,6.0,8.6,9.3
905,黑莓,2,5.8,5.4,6.4,5.4,7.4,4.4
906,黑莓,2,7.1,6.1,7.1,7.1,8.6,6.6
907,黑莓,2,7.1,6.1,7.1,7.1,8.6,6.6
908,黑莓,2,5.7,6.5,4.5,6.5,6.5,4.5
909,黑莓,2,7.5,6.5,7.5,5.7,9.1,8.5
910,黑莓,2,7.7,6.6,4.0,7.4,8.8,8.1
911,黑莓,2,7.3,7.1,4.1,8.1,10,7.1
912,黑莓,2,7.5,7.1,6.1,7.1,9.1,7.9
913,黑莓,2,8.0,7.3,8.3,7.3,8.8,8.3
914,黑莓,2,8.4,7.4,9.4,6.4,9.4,9.4
915,黑莓,2,7.5,7.5,7.5,7.5,7.5,价格便宜
916,黑莓,2,8.0,7.6,7.0,7.8,9.6,8.1
917,黑莓,2,8.0,7.6,7.0,7.8,9.6,8.1
918,黑莓,2,7.2,7.6,7.6,5.6,9.6,5.6
919,黑莓,2,8.1,7.7,7.7,7.7,10,5.7
920,黑莓,2,8.1,7.7,7.7,7.7,10,5.7
921,黑莓,2,7.4,7.9,6.1,6.5,9.9,6.5
922,黑莓,2,7.4,7.9,6.1,6.5,9.9,6.5
923,黑莓,2,7.4,7.9,6.1,6.5,9.9,6.5
924,黑莓,2,7.4,7.9,6.1,6.5,9.9,6.5
925,黑莓,2,8.0,8.0,6.5,8.5,9.5,7.7
926,黑莓,2,8.3,8.1,8.1,5.1,10,7.1
927,黑莓,2,8.6,8.1,7.8,8.8,9.8,8.6
928,黑莓,2,8.1,8.2,7.8,6.6,9.5,8.4
929,黑莓,2,8.9,8.7,8.7,8.7,9.7,8.7
930,黑莓,2,7.1,8.7,6.7,6.7,7.7,5.7
931,黑莓,2,8.1,8.9,6.9,6.9,10,6.9
932,黑莓,2,8.2,9.0,6.2,8.6,8.6,8.6
933,黑莓,2,7.9,9.0,8.0,7.0,9.5,6
934,黑莓,2,8.2,9.4,5.4,7.4,9.4,9.4
936,黑莓,2,8.1,10.0,2.9,10.0,10,4.9
962,华硕,3,6.5,5.0,5.5,9.0,6,8.1
963,华硕,3,6.9,5.3,7.3,5.3,9.3,7.3
964,华硕,3,5.2,5.8,5.3,4.8,5.8,4.3
965,华硕,3,6.1,5.8,2.0,7.5,7.2,6.8
966,华硕,3,6.1,5.8,2.0,7.5,7.2,6.8
967,华硕,3,6.4,6.3,2.0,8.3,7.5,5.6
968,华硕,3,7.8,6.5,8.5,7.2,7.9,8.5
969,华硕,3,6.6,6.7,6.1,6.5,7.5,6.4
970,华硕,3,6.6,6.7,6.1,6.5,7.5,6.4
971,华硕,3,8.1,7.1,6.0,9.0,8.3,9.1
972,华硕,3,6.8,7.2,7.5,3.5,7.5,8.5
973,华硕,3,6.8,7.2,7.5,3.5,7.5,8.5
974,华硕,3,7.1,7.3,7.0,6.0,8.1,6.9
975,华硕,3,6.6,7.3,2.0,8.9,6,6.6
976,华硕,3,7.1,7.3,7.0,6.0,8.1,6.9
977,华硕,3,8.0,7.5,5.0,7.8,9.1,8.7
978,华硕,3,7.1,7.6,7.2,5.4,7.9,7.4
979,华硕,3,7.1,7.6,7.2,5.4,7.9,7.4
980,华硕,3,7.1,7.6,7.2,5.4,7.9,7.4
981,华硕,3,7.1,7.6,7.2,5.4,7.9,7.4
982,华硕,3,6.9,7.7,2.0,6.0,7.2,8.3
983,华硕,3,7.3,7.7,7.8,6.4,7,7.5
984,华硕,3,7.3,7.7,7.8,6.4,7,7.5
985,华硕,3,7.3,7.7,7.8,6.4,7,7.5
986,华硕,3,7.3,7.7,7.8,6.4,7,7.5
987,华硕,3,7.3,7.7,7.8,6.4,7,7.5
988,华硕,3,7.3,7.7,7.8,6.4,7,7.5
989,华硕,3,7.3,7.7,7.8,6.4,7,7.5
990,华硕,3,8.0,7.9,3.5,9.1,7.2,8
991,华硕,3,9.3,7.9,9.4,8.9,9.9,10
992,华硕,3,9.3,7.9,9.4,8.9,9.9,10
993,华硕,3,8.0,8.0,8.0,8.0,8,8
994,华硕,3,7.8,8.5,2.0,8.2,8.7,9.1
995,华硕,3,7.8,8.5,2.0,8.2,8.7,9.1
996,华硕,3,8.8,8.7,8.5,8.0,8.5,9.1
997,华硕,3,8.8,8.7,8.5,8.0,8.5,9.1
998,华硕,3,8.9,8.9,8.9,8.9,8.9,8.9
999,华硕,3,6.8,9.2,9.2,9.2,1.2,5.2
1009,华为,3,3.4,2.9,2.2,4.9,3.9,3.2
1010,华为,3,6.2,5.1,6.5,5.2,7.9,6.2
1011,华为,3,6.2,5.1,6.5,5.2,7.9,6.2
1012,华为,3,6.5,5.3,6.4,6.6,7.7,6.7
1013,华为,3,6.5,5.3,6.4,6.6,7.7,6.7
1014,华为,3,6.3,5.6,5.9,7.8,6,6.1
1015,华为,3,6.3,5.6,5.9,7.8,6,6.1
1016,华为,3,6.3,5.7,2.0,6.4,7.1,6.6
1017,华为,3,6.3,5.7,2.0,6.4,7.1,6.6
1018,华为,3,7.0,6.0,4.0,6.1,8,7.6
1019,华为,3,7.0,6.0,4.0,6.1,8,7.6
1020,华为,3,7.0,6.0,4.0,6.1,8,7.6
1021,华为,3,7.0,6.0,4.0,6.1,8,7.6
1022,华为,3,6.8,6.1,4.0,6.1,8.2,7.1
1023,华为,3,6.8,6.1,4.0,6.1,8.2,7.1
1024,华为,3,6.8,6.1,4.0,6.1,8.2,7.1
1025,华为,3,7.0,6.1,6.0,7.5,7.4,7.3
1026,华为,3,7.0,6.1,6.0,7.5,7.4,7.3
1027,华为,3,8.3,6.3,9.5,7.8,8.5,9.2
1028,华为,3,6.3,6.3,4.0,5.8,7.6,6.3
1029,华为,3,6.3,6.3,4.0,5.8,7.6,6.3
1030,华为,3,7.5,6.4,7.6,7.4,8.2,7.7
1031,华为,3,7.5,6.4,7.6,7.4,8.2,7.7
1032,华为,3,7.7,6.4,4.0,6.8,8.5,7.8
1033,华为,3,7.7,6.4,4.0,6.8,8.5,7.8
1034,华为,3,7.7,6.4,4.0,6.8,8.5,7.8
1035,华为,3,7.7,6.4,4.0,6.8,8.5,7.8
1036,华为,3,7.7,6.4,4.0,6.8,8.5,7.8
1037,华为,3,7.7,6.4,4.0,6.8,8.5,7.8
1038,华为,3,7.9,6.4,4.0,8.2,8.1,7
1039,华为,3,7.9,6.4,4.0,8.2,8.1,7
1040,华为,3,7.9,6.4,4.0,8.2,8.1,7
1041,华为,3,7.9,6.4,4.0,8.2,8.1,7
1042,华为,3,5.9,6.6,4.0,6.7,7.8,6
1043,华为,3,7.0,6.6,5.0,7.1,8.3,7.6
1044,华为,3,7.0,6.6,5.0,7.1,8.3,7.6
1045,华为,3,7.1,6.6,6.8,7.5,7.9,6.5
1046,华为,3,8.1,6.7,9.0,7.5,8.3,8.8
1047,华为,3,8.1,6.7,9.0,7.5,8.3,8.8
1048,华为,3,8.1,6.7,9.0,7.5,8.3,8.8
1049,华为,3,7.2,6.7,7.9,5.8,8,7.8
1050,华为,3,7.2,6.7,7.9,5.8,8,7.8
1051,华为,3,6.0,6.9,2.0,8.0,6.7,5.7
1052,华为,3,7.9,7.0,7.8,8.7,8.3,7.6
1053,华为,3,8.1,7.1,8.0,9.2,7.9,8
1054,华为,3,8.1,7.1,8.0,9.2,7.9,8
1055,华为,3,8.1,7.1,8.0,9.2,7.9,8
1056,华为,3,8.0,7.1,8.0,8.5,8,8.7
1057,华为,3,8.0,7.1,8.0,8.5,8,8.7
1058,华为,3,6.4,7.1,4.0,7.1,7.6,7.5
1059,华为,3,6.4,7.1,4.0,7.1,7.6,7.5
1060,华为,3,8.0,7.1,10.0,7.7,8.4,8.8
1061,华为,3,8.1,7.1,8.0,9.2,7.9,8
1062,华为,3,7.5,7.3,10.0,7.1,8,8.7
1063,华为,3,8.2,7.4,9.0,8.7,8.7,8.3
1064,华为,3,8.2,7.4,9.0,8.7,8.7,8.3
1065,华为,3,8.2,7.4,9.0,8.7,8.7,8.3
1066,华为,3,8.1,9.0,8.3,8.4,8.7,5.9
1067,汇威,1,5.9,3.8,2.0,4.2,6.7,5.2
1068,金立,3,4.9,2.1,4.1,8.1,6.1,4.1
1069,金立,3,4.4,3.6,4.8,3.6,6,4.2
1070,金立,3,4.8,3.6,5.3,3.8,6.5,4.9
1071,金立,3,5.0,4.1,4.3,5.7,5.4,5.7
1072,金立,3,5.3,4.1,4.5,5.3,6.2,6.2
1073,金立,3,5.5,4.2,5.2,6.6,7.1,4.3
1074,金立,3,5.5,4.3,6.3,6.3,6.3,4.3
1075,金立,3,5.6,4.4,5.4,4.6,7.8,5.6
1076,金立,3,6.0,4.4,5.6,5.2,8.4,6.4
1077,金立,3,6.2,4.6,4.6,6.6,8.6,6.6
1078,金立,3,5.8,4.8,5.3,8.5,5.9,4.3
1079,金立,3,5.9,4.8,6.0,5.3,7.4,6
1080,金立,3,5.7,4.8,6.0,7.6,5.6,4.4
1081,金立,3,5.5,4.9,5.3,4.6,7.1,5.6
1082,金立,3,5.3,4.9,4.9,7.1,5.3,4.2
1083,金立,3,5.5,4.9,5.3,4.6,7.1,5.6
1084,金立,3,5.9,5.0,5.2,4.4,8,6.8
1085,金立,3,6.0,5.1,5.2,6.6,7.2,5.7
1086,金立,3,5.6,5.1,5.3,4.7,6.5,6.5
1087,金立,3,5.6,5.1,5.3,4.7,6.5,6.5
1088,金立,3,6.8,5.1,6.9,4.8,8.2,9.1
1089,金立,3,6.0,5.2,4.2,7.2,7,6.2
1090,金立,3,6.8,5.3,6.8,8.5,6.8,6.4
1091,金立,3,6.8,5.3,6.8,8.5,6.8,6.4
1092,金立,3,6.2,5.4,6.3,5.3,7.5,6.5
1093,金立,3,6.5,5.5,6.8,5.9,8.1,6.4
1094,金立,3,6.5,5.5,6.8,5.9,8.1,6.4
1095,金立,3,6.5,5.5,6.9,5.5,7.7,7.1
1096,金立,3,6.0,5.6,6.2,7.0,6.8,4.6
1097,金立,3,6.4,5.6,6.4,6.4,7.7,5.9
1098,金立,3,6.8,5.7,6.7,8.5,7.4,5.7
1099,金立,3,6.0,5.8,5.8,5.5,6.9,5.9
1100,金立,3,6.5,5.8,5.8,7.0,7.8,6.3
1101,金立,3,6.5,5.9,6.9,5.3,7.5,6.9
1102,金立,3,6.2,5.9,6.4,7.3,5.7,5.7
1103,金立,3,6.5,5.9,6.3,7.4,6.6,6.3
1104,金立,3,6.2,6.0,4.0,5.0,9,7
1105,金立,3,7.2,6.0,7.0,6.7,8.4,7.7
1106,金立,3,6.4,6.0,6.2,5.6,7.6,6.5
1107,金立,3,6.4,6.0,6.2,5.6,7.6,6.5
1108,金立,3,6.9,6.0,6.8,6.1,8.3,7.3
1109,金立,3,5.8,6.1,6.3,5.2,6.3,4.9
1110,金立,3,6.7,6.1,6.8,5.2,8.3,7.3
1111,金立,3,6.7,6.1,6.8,5.2,8.3,7.3
1112,金立,3,6.5,6.2,6.5,6.3,8.3,5.4
1113,金立,3,6.5,6.2,6.5,6.3,8.3,5.4
1114,金立,3,6.9,6.2,6.8,6.2,7.9,7.5
1115,金立,3,6.9,6.2,6.8,6.2,7.9,7.5
1116,金立,3,6.2,6.2,6.2,6.2,6.2,6.2
1117,金立,3,7.9,6.3,7.9,8.7,10,6.3
1118,金立,3,4.8,6.4,2.4,6.4,6.4,2.4
1119,金立,3,7.0,6.4,7.5,6.3,6.7,8.3
1120,金立,3,6.6,6.4,6.8,4.9,7.9,7.1
1121,金立,3,6.9,6.5,5.8,9.1,7.5,5.8
1122,金立,3,6.6,6.5,6.3,5.9,8.1,6.2
1123,金立,3,5.6,6.6,4.1,5.1,8.1,4.1
1124,金立,3,6.6,6.7,6.4,7.3,7.2,5.6
1125,金立,3,6.7,6.8,6.0,7.4,7.8,5.3
1126,金立,3,8.1,6.9,4.0,9.2,9.1,8.4
1127,金立,3,7.5,7.0,7.2,8.9,7.7,6.5
1128,金立,3,7.5,7.0,7.2,8.9,7.7,6.5
1129,金立,3,6.1,7.1,6.1,6.1,4.1,7.1
1130,金立,3,7.5,7.2,4.0,7.8,8.3,7.6
1131,金立,3,7.9,7.5,4.0,8.6,8.2,8.6
1132,金立,3,8.0,7.6,4.0,9.3,8.5,8.3
1133,金立,3,8.5,7.7,8.0,9.6,8.4,8.2
1134,金立,3,7.9,7.8,7.9,7.0,9.1,7.7
1135,金立,3,8.2,7.9,2.0,9.0,8.8,8.6
1136,金立,3,8.5,8.0,8.8,7.8,8.2,9.6
1137,金立,3,8.5,8.0,8.8,7.8,8.2,9.6
1138,金立,3,8.5,8.0,8.8,7.8,8.2,9.6
1139,金立,3,8.0,8.1,4.0,8.3,8.3,8.4
1140,金立,3,9.1,8.5,9.5,9.5,9.5,8.5
1141,金立,3,7.8,8.6,2.0,9.1,9,7.1
1142,金立,3,7.8,8.6,2.0,9.1,9,7.1
1143,金立,3,8.8,8.7,8.8,8.6,9,8.9
1144,金立,3,8.8,8.8,8.8,8.8,8.8,8.8
1145,金立,3,8.3,9.0,7.6,9.3,9,6.6
1146,金立,3,9.1,9.1,9.2,8.9,9.5,8.8
1147,金立,3,10.0,10.0,10.0,10.0,10,10
1171,康佳,2,3.9,3.1,3.1,5.6,3.6,4.1
1172,康佳,2,3.3,3.7,2.0,4.0,性价比高,-1
1173,康佳,2,6.6,3.8,5.8,7.8,9.8,5.8
1174,康佳,2,4.0,4.0,4.0,4.0,4,4
1175,康佳,2,5.5,4.8,6.4,4.8,4.8,6.8
1176,康佳,2,6.1,4.8,5.9,7.7,6.7,5.5
1177,康佳,2,6.3,5.5,5.5,9.5,5.5,5.5
1178,康佳,2,5.3,5.6,4.4,3.2,6.4,6.8
1179,康佳,2,6.6,5.6,6.5,4.9,7.6,8.5
1180,康佳,2,6.1,5.7,5.2,6.3,6.9,6.6
1181,康佳,2,5.1,5.7,2.0,5.4,6,5.7
1182,康佳,2,5.1,5.7,2.0,5.4,6,5.7
1183,康佳,2,6.4,5.8,5.8,5.8,8.8,5.8
1184,康佳,2,5.9,5.8,6.5,5.8,6.8,4.5
1185,康佳,2,4.6,5.8,3.8,5.8,3.8,3.8
1186,康佳,2,5.7,6.1,6.1,6.1,8.1,2.1
1187,康佳,2,6.8,6.4,6.7,6.7,7.4,6.7
1188,康佳,2,7.3,6.5,7.3,6.9,8.7,7.3
1189,康佳,2,6.5,6.5,5.8,6.5,7.2,6.5
1190,康佳,2,6.7,6.6,2.0,5.3,8.6,6.7
1191,康佳,2,6.7,6.7,6.7,6.7,6.7,6.7
1192,康佳,2,7.8,6.9,8.9,6.2,8.9,8.2
1193,康佳,2,6.6,6.9,8.2,4.9,7.5,5.5
1194,康佳,2,7.7,7.1,8.1,8.1,7.1,8.1
1195,康佳,2,6.9,7.2,5.9,5.9,8,7.7
1196,康佳,2,7.3,7.4,7.2,5.2,9.2,7.4
1197,康佳,2,8.2,7.5,8.4,8.2,8.9,8.2
1198,康佳,2,7.1,7.6,7.6,5.6,7.6,7.1
1199,康佳,2,9.1,10.0,10.0,4.3,10,10
1200,康佳,2,10.0,10.0,10.0,10.0,10,10
1220,酷比,2,3.9,2.3,4.3,2.3,4.3,6.3
1221,酷比,2,3.4,2.6,3.6,3.6,3.6,3.6
1222,酷比,2,2.3,2.7,1.7,1.7,3.7,1.7
1223,酷比,2,5.6,2.8,10.0,2.8,8.8,2.8
1224,酷比,2,5.0,3.3,5.3,5.8,5,5.5
1225,酷比,2,6.1,3.8,6.1,4.8,7.6,8.3
1226,酷比,2,5.1,4.1,5.7,3.2,6.6,5.7
1227,酷比,2,5.1,4.1,5.7,3.2,6.6,5.7
1228,酷比,2,5.1,4.1,5.7,3.2,6.6,5.7
1229,酷比,2,5.5,4.2,5.5,5.5,6.2,6.2
1230,酷比,2,5.8,4.4,5.2,6.4,7.6,5.2
1231,酷比,2,5.4,4.4,6.2,3.5,6.9,6.2
1232,酷比,2,6.2,4.6,4.6,2.6,10,8.6
1233,酷比,2,6.3,4.7,6.5,6.0,7.4,7.1
1234,酷比,2,5.7,4.9,2.9,8.9,6.9,4.9
1235,酷比,2,6.6,5.0,7.0,7.0,6,8
1236,酷比,2,6.0,5.1,6.4,5.6,6.5,6.4
1237,酷比,2,6.3,5.7,5.3,4.1,8.9,7.3
1238,酷比,2,5.7,5.7,5.9,4.5,6.8,5.7
1239,酷比,2,7.0,5.8,5.8,9.8,7.8,5.8
1240,酷比,2,6.3,5.9,7.9,7.9,5.9,3.9
1241,酷比,2,7.8,5.9,7.5,7.1,9.9,8.7
1242,酷比,2,6.7,6.0,2.0,6.2,8,6.3
1243,酷比,2,6.0,6.0,6.0,6.0,6,6
1244,酷比,2,6.5,6.1,6.1,6.1,6.1,8.1
1245,酷比,2,5.9,6.3,8.3,4.3,4.3,6.3
1246,酷比,2,6.3,6.5,7.4,4.0,7.6,6.2
1247,酷比,2,6.6,6.5,6.7,5.9,7.2,6.7
1248,酷比,2,6.8,6.8,7.2,5.2,7.2,7.6
1249,酷比,2,7.1,6.8,7.2,4.8,8.5,8.2
1250,酷比,2,7.5,6.9,7.8,6.5,8.1,8.2
1251,酷比,2,7.9,7.0,8.0,6.8,8.6,9
1252,酷比,2,7.9,7.0,8.0,6.8,8.6,9
1253,酷比,2,5.8,7.0,5.0,7.0,7,3
1254,酷比,2,7.9,7.0,8.0,6.8,8.6,9
1255,酷比,2,7.9,7.0,8.0,6.8,8.6,9
1256,酷比,2,7.9,7.0,8.0,6.8,8.6,9
1257,酷比,2,7.1,7.1,7.6,6.4,7.1,7.4
1258,酷比,2,8.3,7.7,8.5,8.0,8.9,8.2
1259,酷比,2,7.5,7.7,9.7,4.7,7.7,7.7
1260,酷比,2,7.5,7.7,9.7,4.7,7.7,7.7
1261,酷比,2,8.0,8.0,8.0,8.0,8,8
1262,酷比,2,8.0,8.3,2.0,8.3,8.3,8.3
1263,酷比,2,7.6,8.4,6.4,8.4,8.4,6.4
1276,酷派,2,3.0,2.9,3.0,2.7,3.9,2.4
1277,酷派,2,3.9,3.4,3.7,3.4,5.4,3.4
1278,酷派,2,3.9,3.6,3.7,2.9,5.9,3.6
1279,酷派,2,4.1,3.7,3.7,3.7,5.7,3.7
1280,酷派,2,3.5,3.9,3.4,3.7,4.7,1.9
1281,酷派,2,4.6,3.9,4.7,4.7,5.4,4.1
1282,酷派,2,4.6,3.9,4.7,4.7,5.4,4.1
1283,酷派,2,4.0,4.0,4.0,4.3,4.4,3.3
1284,酷派,2,4.7,4.4,4.7,4.4,6.4,3.8
1285,酷派,2,3.8,4.8,3.5,2.8,4.2,3.5
1286,酷派,2,5.0,5.0,5.0,5.0,5,5
1287,酷派,2,5.3,5.2,4.8,5.8,5.8,4.8
1288,酷派,2,5.2,5.4,4.5,5.8,5.2,4.9
1289,酷派,2,5.3,5.5,5.0,4.5,6,5.5
1290,酷派,2,6.3,5.6,6.3,6.3,7.6,5.6
1291,酷派,2,5.5,5.7,5.5,4.0,6.5,5.7
1292,酷派,2,5.6,5.9,5.4,5.4,6.2,4.9
1293,酷派,2,5.2,6.0,6.0,4.0,6,4
1294,酷派,2,5.6,6.0,6.0,6.0,4,6
1295,酷派,2,7.1,6.1,7.3,7.0,7.8,7.5
1296,酷派,2,7.1,6.1,7.3,7.0,7.8,7.5
1297,酷派,2,6.7,6.2,6.2,4.8,7.5,8.8
1298,酷派,2,6.6,6.3,6.4,6.6,7.6,6.2
1299,酷派,2,6.6,6.3,6.4,6.6,7.6,6.2
1300,酷派,2,6.6,6.3,6.4,6.6,7.6,6.2
1301,酷派,2,7.0,6.6,6.9,6.7,7.6,7.4
1302,酷派,2,7.0,6.6,6.9,6.7,7.6,7.4
1303,酷派,2,7.0,6.6,6.9,6.7,7.6,7.4
1304,酷派,2,7.0,6.6,6.9,6.7,7.6,7.4
1305,酷派,2,7.0,6.6,6.9,6.7,7.6,7.4
1306,酷派,2,6.8,7.0,6.6,7.8,7.4,5.4
1307,酷派,2,6.9,7.2,2.0,8.1,7.7,7.3
1308,酷派,2,7.0,7.3,2.0,7.5,7.7,7.4
1309,酷派,2,7.4,7.3,2.0,7.5,7.9,8
1310,酷派,2,7.4,7.3,2.0,7.5,7.9,8
1311,酷派,2,7.4,7.3,2.0,7.5,7.9,8
1312,酷派,2,7.4,7.3,2.0,7.5,7.9,8
1313,酷派,2,7.4,7.3,2.0,7.5,7.9,8
1314,酷派,2,7.6,7.4,7.5,7.6,8.1,7.2
1315,酷派,2,7.6,7.4,7.5,7.6,8.1,7.2
1316,酷派,2,7.9,7.5,8.8,8.2,6.4,8.8
1317,酷派,2,7.3,7.5,2.0,7.5,7.5,7.4
1318,酷派,2,7.3,7.5,2.0,7.5,7.5,7.4
1319,酷派,2,7.0,7.6,2.0,7.7,8,7.4
1320,酷派,2,7.0,7.6,2.0,7.7,8,7.4
1321,酷派,2,7.0,7.6,2.0,7.7,8,7.4
1322,酷派,2,5.7,7.7,2.0,5.6,6.1,6.8
1323,酷派,2,8.2,8.0,8.2,8.1,8.7,7.8
1324,酷派,2,8.2,8.0,8.2,8.1,8.7,7.8
1325,酷派,2,8.2,8.0,8.2,8.1,8.7,7.8
1326,酷派,2,7.4,8.2,7.0,7.4,7.4,6.8
1327,酷派,2,7.9,8.3,8.0,7.6,8,7.4
1328,酷派,2,7.8,8.4,9.0,8.6,8,7.8
1329,酷派,2,7.8,8.4,9.0,8.6,8,7.8
1330,酷派,2,7.6,8.5,6.0,8.6,7,7.7
1331,酷派,2,7.6,8.5,6.0,8.6,7,7.7
1332,酷派,2,8.1,9.3,8.1,8.1,7.4,7.6
1333,酷派,2,8.6,9.3,8.5,8.4,8.6,8.4
1334,酷派,2,8.6,9.3,8.5,8.4,8.6,8.4
1340,蓝魔,0,6.3,5.2,6.1,6.6,7.4,6.4
1341,蓝魔,0,6.5,5.7,2.0,5.3,7.3,6.4
1342,蓝魔,0,7.6,6.2,8.9,8.2,8.2,6.6
1343,蓝魔,0,6.7,7.7,2.0,9.3,7.4,7.3
1346,乐目,3,6.4,5.0,7.0,8.0,7,5
1347,乐目,3,6.6,6.0,6.0,7.0,7,7
1348,乐目,3,7.0,7.0,7.0,7.0,7,7
1349,乐目,3,7.7,7.1,8.1,10.0,7.1,6.1
1350,乐目,3,5.8,7.4,3.4,9.4,7.4,1.4
1351,乐目,3,8.0,7.6,4.0,9.5,8.3,8.2
1357,乐视,3,6.5,6.3,7.1,5.4,7,6.8
1358,乐视,3,6.5,6.3,7.1,5.4,7,6.8
1359,乐视,3,6.8,6.4,7.0,6.1,7.5,6.4
1360,乐视,3,6.8,6.4,7.0,6.1,7.5,6.4
1361,乐视,3,6.8,6.4,7.0,6.1,7.5,6.4
1362,乐视,3,6.8,6.4,7.0,6.1,7.5,6.4
1363,乐视,3,6.4,6.8,6.6,5.2,7,6.5
1364,乐视,3,6.4,6.8,6.6,5.2,7,6.5
1365,乐视,3,6.4,6.8,6.6,5.2,7,6.5
1366,乐视,3,6.4,6.8,6.6,5.2,7,6.5
1367,乐视,3,6.1,6.9,6.2,4.0,7.3,6.2
1368,乐视,3,6.1,6.9,6.2,4.0,7.3,6.2
1369,乐视,3,6.1,6.9,6.2,4.0,7.3,6.2
1370,乐视,3,6.9,6.9,5.6,7.2,6.9,7.9
1371,乐视,3,6.9,6.9,5.6,7.2,6.9,7.9
1372,乐视,3,6.2,7.0,6.0,5.4,7.1,5.8
1373,乐视,3,6.2,7.0,6.0,5.4,7.1,5.8
1374,乐视,3,6.2,7.0,6.0,5.4,7.1,5.8
1375,乐视,3,7.4,7.4,4.0,6.9,7.9,7.8
1376,乐视,3,7.4,7.4,4.0,6.9,7.9,7.8
1377,乐视,3,7.4,7.4,4.0,6.9,7.9,7.8
1378,乐视,3,7.5,7.7,8.0,6.7,7,7.8
1379,乐视,3,7.5,7.7,8.0,6.7,7,7.8
1380,乐视,3,7.0,7.7,6.5,6.1,7,7.1
1381,乐视,3,7.0,7.7,6.5,6.1,7,7.1
1382,乐视,3,7.7,8.4,9.5,7.9,7.3,7.2
1383,乐视,3,7.7,8.4,9.5,7.9,7.3,7.2
1384,乐视,3,7.7,8.4,9.5,7.9,7.3,7.2
1385,乐视,3,7.7,8.4,9.5,7.9,7.3,7.2
1386,乐视,3,7.7,8.4,9.5,7.9,7.3,7.2
1387,乐视,3,7.7,8.4,9.5,7.9,7.3,7.2
1391,联想,3,2.8,2.2,2.6,3.2,3.6,2.6
1392,联想,3,3.8,3.5,3.8,3.9,4.6,3.3
1393,联想,3,4.8,3.6,3.6,3.6,7.6,5.6
1394,联想,3,4.0,3.6,4.2,3.8,5.3,3.1
1395,联想,3,4.7,3.9,4.9,3.9,5.9,4.9
1396,联想,3,4.4,4.0,4.1,4.8,6,3.1
1397,联想,3,4.4,4.0,4.1,4.8,6,3.1
1398,联想,3,4.5,4.2,4.2,4.2,6.2,3.7
1399,联想,3,5.0,4.8,4.8,5.8,5.8,3.8
1400,联想,3,4.8,5.0,6.0,4.0,7,2
1401,联想,3,4.1,5.0,3.0,3.0,5.7,3.7
1402,联想,3,6.6,5.4,6.7,5.3,8.1,7.7
1403,联想,3,6.2,5.4,6.6,4.4,7.8,6.7
1404,联想,3,5.5,5.6,4.6,6.6,6.2,4.3
1405,联想,3,5.6,5.6,6.2,5.0,6.5,4.5
1406,联想,3,6.8,5.7,6.8,6.2,8.1,7.4
1407,联想,3,5.9,5.8,6.3,5.2,6.1,6.3
1408,联想,3,6.2,6.2,6.1,6.3,6.7,5.9
1409,联想,3,6.1,6.3,6.3,5.8,7.7,4.5
1410,联想,3,6.7,6.4,6.0,7.2,8,6
1411,联想,3,6.7,6.4,6.0,7.2,8,6
1412,联想,3,5.9,6.5,6.0,4.2,7.1,5.9
1413,联想,3,6.7,6.7,6.6,6.3,7.6,6.2
1414,联想,3,6.7,6.7,6.6,6.3,7.6,6.2
1415,联想,3,7.2,6.7,6.9,8.2,7.5,6.9
1416,联想,3,7.2,6.7,6.9,8.2,7.5,6.9
1417,联想,3,6.5,6.8,5.5,6.8,6.4,7.1
1418,联想,3,8.1,6.9,6.7,8.1,9.7,9.1
1419,联想,3,6.0,7.1,5.9,6.3,5.9,4.7
1420,联想,3,6.0,7.1,5.9,6.3,5.9,4.7
1421,联想,3,6.1,7.1,2.0,6.9,8.3,6.3
1422,联想,3,6.8,7.3,6.7,6.9,7.3,6
1423,联想,3,6.8,7.3,6.7,6.9,7.3,6
1424,联想,3,6.8,7.3,6.7,6.9,7.3,6
1425,联想,3,7.7,7.3,8.3,7.2,8.4,7.2
1426,联想,3,7.3,7.4,7.2,8.2,7,6.5
1427,联想,3,7.2,7.6,7.6,7.5,6.9,6.4
1428,联想,3,7.2,7.6,7.6,7.5,6.9,6.4
1429,联想,3,7.6,7.6,6.0,9.2,8.4,6.8
1430,联想,3,7.8,7.7,8.1,7.7,7.8,7.7
1431,联想,3,7.8,7.7,8.1,7.7,7.8,7.7
1432,联想,3,6.9,7.8,5.1,7.8,7.8,5.8
1433,联想,3,7.8,7.8,7.5,8.7,7.8,7.2
1434,联想,3,7.3,7.8,6.9,7.5,8.3,6.1
1435,联想,3,7.5,7.9,5.9,7.9,7.9,7.9
1436,联想,3,7.3,8.0,7.2,6.9,7.8,6.5
1437,联想,3,7.3,8.0,7.2,6.9,7.8,6.5
1438,联想,3,7.3,8.0,7.2,6.9,7.8,6.5
1439,联想,3,7.3,8.0,7.2,6.9,7.8,6.5
1440,联想,3,8.4,8.1,9.1,8.6,8.4,8
1441,联想,3,7.3,8.1,7.6,6.4,7.3,6.9
1442,联想,3,7.3,8.1,7.6,6.4,7.3,6.9
1443,联想,3,8.4,8.1,9.1,8.6,8.4,8
1444,联想,3,8.8,8.2,9.4,9.4,8.7,8.4
1445,联想,3,8.0,8.4,9.5,7.6,8.1,7.2
1446,联想,3,8.0,8.4,9.5,7.6,8.1,7.2
1447,联想,3,8.1,8.5,8.5,8.5,7.8,7.1
1448,联想,3,7.5,8.5,7.0,9.4,9.1,9.1
1449,联想,3,8.6,8.6,8.6,7.1,9.6,9.1
1450,联想,3,7.7,8.7,8.0,8.4,7.5,6.6
1451,联想,3,7.7,8.7,8.0,8.4,7.5,6.6
1452,联想,3,6.9,8.9,6.9,5.7,7.3,5.7
1453,联想,3,7.9,8.9,10.0,6.8,8.6,7.2
1454,联想,3,7.9,8.9,10.0,6.8,8.6,7.2
1455,联想,3,8.5,9.1,8.1,8.1,9.1,8.1
1458,美图,0,6.0,4.8,4.0,5.4,7.1,7.8
1459,美图,0,6.2,5.0,6.4,3.7,7,9
1460,美图,0,7.5,5.9,6.9,6.9,7.9,9.9
1461,美图,0,7.0,6.4,4.0,7.1,7.8,8.7
1462,美图,0,7.1,6.5,7.2,6.6,6.9,8.2
1463,美图,0,7.6,7.0,4.0,6.7,7.7,9
1464,美图,0,8.3,8.0,6.5,8.0,8.7,9.6
1465,美图,0,8.3,8.0,8.1,7.1,8.7,9.4
1466,美图,0,8.3,8.0,8.1,7.1,8.7,9.4
1469,魅族,3,5.5,5.2,5.0,5.1,7.7,4.7
1470,魅族,3,5.5,5.2,5.0,5.1,7.7,4.7
1471,魅族,3,6.3,5.5,8.5,6.4,7.6,6.2
1472,魅族,3,6.3,5.5,8.5,6.4,7.6,6.2
1473,魅族,3,6.7,5.9,7.1,5.5,7.9,6.9
1474,魅族,3,7.2,6.5,7.7,5.6,8.8,7.6
1475,魅族,3,7.7,6.6,8.0,7.1,8.3,8
1476,魅族,3,7.1,7.0,6.0,6.7,7.3,7.4
1477,魅族,3,7.1,7.0,6.0,6.7,7.3,7.4
1478,魅族,3,7.1,7.0,6.0,6.7,7.3,7.4
1479,魅族,3,7.3,7.1,7.0,7.5,8.2,7.4
1480,魅族,3,7.6,7.2,8.1,7.7,7.9,7.1
1481,魅族,3,7.6,7.2,8.1,7.7,7.9,7.1
1482,魅族,3,7.6,7.2,8.1,7.7,7.9,7.1
1483,魅族,3,7.6,7.2,8.1,7.7,7.9,7.1
1484,魅族,3,7.0,7.3,6.7,6.7,7.8,6.6
1485,魅族,3,7.0,7.3,6.7,6.7,7.8,6.6
1486,魅族,3,7.1,7.5,4.0,7.8,8.7,7.7
1487,魅族,3,7.1,7.5,4.0,7.8,8.7,7.7
1488,魅族,3,7.8,7.5,7.2,8.4,9.1,6.7
1489,魅族,3,8.2,7.7,6.5,8.1,8.7,8.3
1490,魅族,3,8.2,7.7,6.5,8.1,8.7,8.3
1491,魅族,3,7.1,7.9,7.9,4.6,9.2,5.9
1492,魅族,3,6.9,7.9,5.0,5.9,8.7,6.4
1493,魅族,3,6.9,7.9,5.0,5.9,8.7,6.4
1494,魅族,3,7.9,8.1,4.0,8.2,8.7,8.4
1495,魅族,3,7.9,8.1,4.0,8.2,8.7,8.4
1496,魅族,3,7.6,8.3,3.5,8.8,8.3,7.5
1497,魅族,3,7.6,8.3,3.5,8.8,8.3,7.5
1498,魅族,3,7.7,8.3,2.0,8.6,8.5,7.8
1499,魅族,3,7.7,8.3,2.0,8.6,8.5,7.8
1500,魅族,3,7.7,8.3,2.0,8.6,8.5,7.8
1501,魅族,3,7.7,8.3,2.0,8.6,8.5,7.8
1502,魅族,3,8.4,8.4,7.5,7.5,9.1,8.7
1503,魅族,3,8.0,8.7,5.5,8.9,8.3,7.8
1504,魅族,3,8.0,8.7,5.5,8.9,8.3,7.8
1505,魅族,3,8.0,8.7,5.5,8.9,8.3,7.8
1506,魅族,3,7.9,8.7,2.0,8.5,8.7,7.8
1507,魅族,3,7.9,8.7,2.0,8.5,8.7,7.8
1508,魅族,3,7.9,8.7,2.0,8.5,8.7,7.8
1509,魅族,3,7.9,9.1,3.5,8.5,8.8,7.5
1510,魅族,3,7.9,9.1,3.5,8.5,8.8,7.5
1548,纽曼,2,2.8,2.4,2.4,4.4,2.4,2.4
1549,纽曼,2,7.8,4.6,7.6,9.6,8.6,8.6
1550,纽曼,2,8.4,6.8,6.8,10.0,8.8,6.8
1551,纽曼,2,7.5,7.1,9.1,5.1,9.1,7.1
1552,纽曼,2,7.5,7.5,7.5,7.5,7.5,7.5
1553,纽曼,2,8.0,8.4,7.6,7.6,10,6.4
1554,纽曼,2,8.0,8.4,7.6,7.6,10,6.4
1555,纽曼,2,8.3,8.4,8.0,8.3,8.8,7.8
1556,纽曼,2,10.0,10.0,10.0,10.0,10,10
1583,努比亚,3,4.0,2.3,2.3,8.8,2.8,3.8
1584,努比亚,3,6.0,4.0,4.0,8.0,6,8
1585,努比亚,3,6.0,4.0,4.0,8.0,6,8
1586,努比亚,3,6.1,4.9,6.0,6.8,6.9,8.3
1587,努比亚,3,6.4,6.0,2.0,6.4,7.4,7.6
1588,努比亚,3,6.4,6.0,2.0,6.4,7.4,7.6
1589,努比亚,3,6.4,6.0,2.0,6.4,7.4,7.6
1590,努比亚,3,7.3,6.2,7.9,5.4,9.3,7.8
1591,努比亚,3,7.3,6.2,7.9,5.4,9.3,7.8
1592,努比亚,3,7.3,6.2,7.9,5.4,9.3,7.8
1593,努比亚,3,7.4,6.5,8.5,6.1,8.6,8.1
1594,努比亚,3,7.4,6.5,8.5,6.1,8.6,8.1
1595,努比亚,3,7.4,6.5,8.5,6.1,8.6,8.1
1596,努比亚,3,7.4,6.5,8.5,6.1,8.6,8.1
1597,努比亚,3,7.4,6.5,8.5,6.1,8.6,8.1
1598,努比亚,3,8.1,6.6,8.1,8.7,8.4,8.8
1599,努比亚,3,7.7,6.6,7.6,5.4,9.9,8.9
1600,努比亚,3,7.7,6.6,7.6,5.4,9.9,8.9
1601,努比亚,3,7.4,6.9,7.4,6.3,7.9,8.4
1602,努比亚,3,7.4,6.9,7.4,6.3,7.9,8.4
1603,努比亚,3,7.4,6.9,7.4,6.3,7.9,8.4
1604,努比亚,3,7.4,6.9,7.4,6.3,7.9,8.4
1605,努比亚,3,7.4,6.9,7.4,6.3,7.9,8.4
1606,努比亚,3,7.4,6.9,7.4,6.3,7.9,8.4
1607,努比亚,3,6.7,7.1,3.0,9.0,6.8,6.7
1608,努比亚,3,7.8,7.4,3.5,6.7,8.4,8.3
1609,努比亚,3,7.4,7.4,6.8,6.6,7.8,8.2
1610,努比亚,3,7.4,7.5,7.3,5.8,8.2,8.4
1611,努比亚,3,7.4,7.5,7.3,5.8,8.2,8.4
1612,努比亚,3,7.8,7.5,8.4,7.7,7.1,8.5
1613,努比亚,3,7.8,7.5,8.4,7.7,7.1,8.5
1614,努比亚,3,8.3,7.8,8.0,7.9,8.5,8.7
1615,努比亚,3,8.3,7.8,8.0,7.9,8.5,8.7
1616,努比亚,3,8.3,7.8,8.0,7.9,8.5,8.7
1617,努比亚,3,8.3,7.8,8.0,7.9,8.5,8.7
1618,努比亚,3,8.3,7.8,8.0,7.9,8.5,8.7
1619,努比亚,3,7.6,7.8,6.0,8.0,8.1,7.9
1620,努比亚,3,7.8,7.8,6.0,8.9,8.4,7.8
1621,努比亚,3,7.7,8.1,8.0,6.2,7.8,8.6
1622,努比亚,3,7.7,8.1,8.0,6.2,7.8,8.6
1623,努比亚,3,8.0,8.5,8.4,5.9,8.9,8.1
1624,努比亚,3,8.0,8.5,8.4,5.9,8.9,8.1
1625,努比亚,3,7.8,8.5,8.3,5.7,8.1,8.4
1626,努比亚,3,7.5,10.0,7.1,3.1,5.1,10
1627,诺基亚,3,3.2,1.6,1.6,3.6,7.6,1.6
1628,诺基亚,3,7.5,5.5,5.5,8.5,9.5,8.5
1629,诺基亚,3,5.3,5.7,3.7,7.7,5.7,3.7
1630,诺基亚,3,6.3,5.9,3.9,7.9,5.9,7.9
1631,诺基亚,3,5.8,6.0,5.0,6.0,7,5
1632,诺基亚,3,7.2,6.0,6.6,6.6,8.6,8
1633,诺基亚,3,7.2,6.0,6.6,6.6,8.6,8
1634,诺基亚,3,6.8,6.6,3.5,7.1,8.1,7.3
1635,诺基亚,3,7.8,6.7,7.7,7.7,9,7.7
1636,诺基亚,3,7.9,6.9,7.6,8.0,7.6,9.4
1637,诺基亚,3,7.7,6.9,6.9,4.9,8.9,10
1638,诺基亚,3,7.5,7.0,6.7,7.0,9.2,7.5
1639,诺基亚,3,7.2,7.2,7.2,7.2,7.2,7.2
1640,诺基亚,3,7.2,7.2,7.2,7.2,7.2,7.2
1641,诺基亚,3,8.1,7.5,9.5,9.5,6.5,7.5
1642,诺基亚,3,8.1,7.5,9.5,9.5,6.5,7.5
1643,诺基亚,3,7.9,7.7,7.7,7.9,8.2,8.2
1644,诺基亚,3,7.4,7.7,5.7,9.7,8.4,5.7
1645,诺基亚,3,8.8,7.8,8.5,9.0,9.2,9.3
1646,诺基亚,3,7.5,7.8,6.8,6.7,8,8.2
1647,诺基亚,3,8.3,7.8,7.8,7.0,9,9.7
1648,诺基亚,3,8.4,7.8,6.5,10.0,10,6.6
1649,诺基亚,3,7.9,8.0,7.7,7.1,8.3,8.5
1650,诺基亚,3,8.3,8.0,8.1,7.1,9.2,9.2
1651,诺基亚,3,8.7,8.0,8.8,7.5,9.6,9.6
1652,诺基亚,3,6.9,8.1,5.2,8.7,8.5,4.1
1653,诺基亚,3,8.2,8.1,8.0,6.1,9.3,9.4
1654,诺基亚,3,7.5,8.1,8.1,6.1,8.1,7.1
1655,诺基亚,3,7.9,8.2,7.1,7.8,8.5,7.8
1656,诺基亚,3,7.7,8.3,7.3,8.8,6.8,7.3
1657,诺基亚,3,8.6,8.3,7.9,7.5,10,9.4
1658,诺基亚,3,7.7,8.3,8.3,6.8,8.3,6.8
1659,诺基亚,3,7.8,8.4,7.5,8.0,8.1,7
1660,诺基亚,3,8.4,8.4,8.4,8.4,8.4,8.4
1661,诺基亚,3,8.4,8.4,8.4,8.4,8.4,8.4
1662,诺基亚,3,7.8,8.4,7.5,8.0,8.1,7
1663,诺基亚,3,8.2,8.6,8.0,9.7,8.6,6.3
1664,诺基亚,3,8.3,8.7,8.7,10.0,8.7,4.7
1665,诺基亚,3,7.4,9.0,9.0,7.0,5,7
1666,诺基亚,3,8.3,9.1,7.7,9.4,9.4,6.1
1667,诺基亚,3,8.2,9.1,8.8,7.1,8.8,7.1
1668,诺基亚,3,8.6,9.2,8.1,8.6,9.4,7.7
1669,诺基亚,3,8.6,9.2,8.1,8.6,9.4,7.7
1670,诺基亚,3,8.1,9.3,7.3,9.3,7.3,7.3
1671,诺基亚,3,8.1,9.3,7.3,9.3,7.3,7.3
1672,诺基亚,3,8.1,9.3,7.3,9.3,7.3,7.3
1673,诺基亚,3,8.1,9.3,7.3,9.3,7.3,7.3
1674,诺基亚,3,7.8,9.4,7.4,5.4,9.4,7.4
1675,诺基亚,3,8.8,9.5,8.2,10.0,9.2,6.9
1676,诺基亚,3,8.9,10.0,7.5,10.0,8.9,7.5
1682,苹果,3,7.4,6.2,9.0,5.8,7.8,7.3
1683,苹果,3,7.4,6.2,9.0,5.8,7.8,7.3
1684,苹果,3,7.4,6.2,9.0,5.8,7.8,7.3
1685,苹果,3,8.0,6.2,9.6,6.9,7.9,8.2
1686,苹果,3,8.0,6.2,9.6,6.9,7.9,8.2
1687,苹果,3,8.0,6.2,9.6,6.9,7.9,8.2
1688,苹果,3,8.3,6.5,7.0,7.6,7.9,7.8
1689,苹果,3,8.3,6.5,7.0,7.6,7.9,7.8
1690,苹果,3,8.3,6.5,7.0,7.6,7.9,7.8
1691,苹果,3,7.8,6.5,9.5,6.7,8.1,8.3
1692,苹果,3,7.8,6.5,9.5,6.7,8.1,8.3
1693,苹果,3,7.8,6.5,9.5,6.7,8.1,8.3
1694,苹果,3,7.8,6.5,9.5,6.7,8.1,8.3
1695,苹果,3,7.8,6.6,8.3,6.9,8.9,8.2
1696,苹果,3,7.8,6.6,8.3,6.9,8.9,8.2
1697,苹果,3,7.8,6.6,8.3,6.9,8.9,8.2
1698,苹果,3,7.8,6.6,8.3,6.9,8.9,8.2
1699,苹果,3,7.8,6.6,8.3,6.9,8.9,8.2
1700,苹果,3,7.8,6.6,8.3,6.9,8.9,8.2
1701,苹果,3,8.0,6.6,10.0,7.6,7.7,8.5
1702,苹果,3,8.0,6.6,10.0,7.6,7.7,8.5
1703,苹果,3,8.0,6.6,10.0,7.6,7.7,8.5
1704,苹果,3,8.2,6.7,6.0,7.0,9.1,8.9
1705,苹果,3,8.2,6.7,6.0,7.0,9.1,8.9
1706,苹果,3,8.2,6.7,6.0,7.0,9.1,8.9
1707,苹果,3,8.2,6.7,6.0,7.0,9.1,8.9
1708,苹果,3,7.2,6.8,4.0,5.9,8.6,7.7
1709,苹果,3,7.2,6.8,4.0,5.9,8.6,7.7
1710,苹果,3,7.2,6.8,4.0,5.9,8.6,7.7
1711,苹果,3,7.2,6.8,4.0,5.9,8.6,7.7
1712,苹果,3,7.2,6.8,4.0,5.9,8.6,7.7
1713,苹果,3,7.2,6.8,4.0,5.9,8.6,7.7
1714,苹果,3,7.2,6.8,4.0,5.9,8.6,7.7
1715,苹果,3,8.1,7.2,9.0,7.3,8.2,8.2
1716,苹果,3,8.1,7.2,9.0,7.3,8.2,8.2
1717,苹果,3,7.7,7.5,7.5,7.1,9.1,7.1
1718,苹果,3,7.7,7.5,7.5,7.1,9.1,7.1
1719,苹果,3,7.7,7.5,7.5,7.1,9.1,7.1
1720,苹果,3,7.7,7.5,7.5,7.1,9.1,7.1
1721,苹果,3,7.7,7.5,7.5,7.1,9.1,7.1
1722,苹果,3,7.9,7.7,8.2,6.8,8.9,7.9
1723,苹果,3,7.9,7.7,8.2,6.8,8.9,7.9
1724,苹果,3,7.7,7.7,7.7,7.7,7.7,7.7
1725,苹果,3,7.7,7.7,7.7,7.7,7.7,7.7
1726,苹果,3,7.7,7.7,7.7,7.7,7.7,7.7
1727,苹果,3,7.9,7.7,8.2,6.8,8.9,7.9
1728,苹果,3,7.9,7.7,8.2,6.8,8.9,7.9
1729,苹果,3,7.9,7.7,8.2,6.8,8.9,7.9
1730,苹果,3,7.9,7.7,8.2,6.8,8.9,7.9
1731,苹果,3,7.9,7.7,8.2,6.8,8.9,7.9
1732,苹果,3,8.1,8.7,8.7,5.7,8.7,8.7
1733,苹果,3,8.1,8.7,8.7,5.7,8.7,8.7
1734,苹果,3,9.1,8.9,9.6,7.9,9.5,9.5
1735,苹果,3,9.1,8.9,9.6,7.9,9.5,9.5
1736,苹果,3,9.1,8.9,9.6,7.9,9.5,9.5
1737,苹果,3,9.1,8.9,9.6,7.9,9.5,9.5
1738,苹果,3,8.0,9.3,9.6,9.0,9.3,9.3
1739,苹果,3,8.0,9.3,9.6,9.0,9.3,9.3
1740,苹果,3,8.0,9.3,9.6,9.0,9.3,9.3
1741,苹果,3,8.2,10.0,7.4,6.4,8.4,7.4
1742,苹果,3,8.2,10.0,7.4,6.4,8.4,7.4
1746,奇酷,0,7.1,6.3,5.5,7.1,7.4,7.8
1747,奇酷,0,7.8,6.9,6.0,7.6,8.1,8.2
1748,奇酷,0,7.8,6.9,6.0,7.6,8.1,8.2
1749,奇酷,0,7.1,6.9,7.0,7.0,7.4,7.3
1750,奇酷,0,7.1,6.9,7.0,7.0,7.4,7.3
1751,奇酷,0,7.1,6.9,7.0,7.0,7.4,7.3
1752,奇酷,0,7.1,6.9,7.0,7.0,7.4,7.3
1753,荣耀,3,6.4,6.6,5.9,5.9,7.8,5.9
1754,荣耀,3,6.4,6.6,5.9,5.9,7.8,5.9
1755,荣耀,3,7.0,6.7,8.0,7.0,8.9,8.3
1756,荣耀,3,6.6,6.7,6.5,6.4,7.4,6
1757,荣耀,3,6.6,6.7,6.5,6.4,7.4,6
1758,荣耀,3,6.6,6.7,6.5,6.4,7.4,6
1759,荣耀,3,8.0,7.0,8.5,7.7,7.4,8.4
1760,荣耀,3,8.0,7.0,8.5,7.7,7.4,8.4
1761,荣耀,3,8.0,7.0,8.5,7.7,7.4,8.4
1762,荣耀,3,8.0,7.0,8.5,7.7,7.4,8.4
1763,荣耀,3,7.1,7.0,4.0,7.5,7.8,7.2
1764,荣耀,3,7.1,7.0,4.0,7.5,7.8,7.2
1765,荣耀,3,7.1,7.0,4.0,7.5,7.8,7.2
1766,荣耀,3,7.1,7.0,4.0,7.5,7.8,7.2
1767,荣耀,3,7.1,7.0,4.0,7.5,7.8,7.2
1768,荣耀,3,6.9,7.0,6.9,6.3,7.3,7.1
1769,荣耀,3,6.9,7.0,6.9,6.3,7.3,7.1
1770,荣耀,3,6.9,7.0,6.9,6.3,7.3,7.1
1771,荣耀,3,6.9,7.0,6.9,6.3,7.3,7.1
1772,荣耀,3,6.9,7.0,6.9,6.3,7.3,7.1
1773,荣耀,3,6.9,7.0,6.9,6.3,7.3,7.1
1774,荣耀,3,7.0,7.1,5.0,7.0,8,7.6
1775,荣耀,3,7.0,7.1,5.0,7.0,8,7.6
1776,荣耀,3,7.1,7.1,4.0,7.1,7.1,7.1
1777,荣耀,3,7.1,7.1,4.0,7.1,7.1,7.1
1778,荣耀,3,7.1,7.1,4.0,7.1,7.1,7.1
1779,荣耀,3,7.1,7.1,4.0,7.1,7.1,7.1
1780,荣耀,3,7.7,7.1,8.5,6.5,9,7.5
1781,荣耀,3,7.7,7.1,8.5,6.5,9,7.5
1782,荣耀,3,7.7,7.1,8.5,6.5,9,7.5
1783,荣耀,3,7.4,7.4,8.5,7.2,7.8,7.4
1784,荣耀,3,7.4,7.4,10.0,7.3,7.8,6.8
1785,荣耀,3,7.4,7.4,10.0,7.3,7.8,6.8
1786,荣耀,3,7.8,7.4,8.0,7.6,7.9,7.2
1787,荣耀,3,7.2,7.4,2.0,7.4,7.9,8.6
1788,荣耀,3,7.2,7.4,2.0,7.4,7.9,8.6
1789,荣耀,3,7.6,7.4,7.9,7.3,7.6,7.7
1790,荣耀,3,7.6,7.4,7.9,7.3,7.6,7.7
1791,荣耀,3,7.6,7.4,7.9,7.3,7.6,7.7
1792,荣耀,3,7.6,7.4,7.9,7.3,7.6,7.7
1793,荣耀,3,7.4,7.4,8.5,7.2,7.8,7.4
1794,荣耀,3,7.4,7.4,8.5,7.2,7.8,7.4
1795,荣耀,3,7.4,7.4,8.5,7.2,7.8,7.4
1796,荣耀,3,7.4,7.4,8.5,7.2,7.8,7.4
1797,荣耀,3,7.7,7.6,7.5,8.0,7.9,7.3
1798,荣耀,3,7.7,7.6,7.5,8.0,7.9,7.3
1799,荣耀,3,7.7,7.6,7.5,8.0,7.9,7.3
1800,荣耀,3,7.7,7.6,7.5,8.0,7.9,7.3
1801,荣耀,3,7.7,7.6,7.5,8.0,7.9,7.3
1802,荣耀,3,7.7,7.6,7.5,8.0,7.9,7.3
1803,荣耀,3,6.5,7.7,4.0,7.1,6.6,6.4
1804,荣耀,3,6.5,7.7,4.0,7.1,6.6,6.4
1805,荣耀,3,6.5,7.7,4.0,7.1,6.6,6.4
1806,荣耀,3,7.6,7.7,7.7,8.0,7.9,6.7
1807,荣耀,3,7.6,7.7,7.7,8.0,7.9,6.7
1808,荣耀,3,7.6,7.7,7.7,8.0,7.9,6.7
1809,荣耀,3,7.6,7.7,7.7,8.0,7.9,6.7
1810,荣耀,3,7.9,7.9,7.9,7.4,8.6,7.6
1811,荣耀,3,7.9,7.9,7.9,7.4,8.6,7.6
1812,荣耀,3,7.9,7.9,7.9,7.4,8.6,7.6
1813,荣耀,3,7.4,8.0,5.5,7.5,8.2,8
1814,荣耀,3,7.4,8.0,5.5,7.5,8.2,8
1815,荣耀,3,7.4,8.0,5.5,7.5,8.2,8
1816,荣耀,3,7.4,8.4,2.0,7.7,7.6,7.2
1817,荣耀,3,7.4,8.4,2.0,7.7,7.6,7.2
1818,荣耀,3,8.2,8.6,8.2,8.1,8.3,7.6
1819,荣耀,3,8.2,8.6,8.2,8.1,8.3,7.6
1820,荣耀,3,8.2,8.6,8.2,8.1,8.3,7.6
1821,三星,3,4.9,3.7,5.4,5.1,5.7,4.7
1822,三星,3,6.8,4.0,6.0,6.1,8,7.9
1823,三星,3,7.0,4.5,9.0,5.1,7.4,7.7
1824,三星,3,5.5,5.5,5.5,5.5,5.5,5.5
1825,三星,3,6.8,5.5,6.7,7.3,8,6.7
1826,三星,3,6.8,5.5,6.7,7.3,8,6.7
1827,三星,3,7.6,5.6,7.9,7.5,8.9,8.2
1828,三星,3,6.6,5.6,6.5,7.5,6.9,6.7
1829,三星,3,6.9,5.7,7.1,5.7,8.6,7.6
1830,三星,3,6.9,5.8,6.8,6.2,7.9,7.9
1831,三星,3,7.3,5.8,2.0,6.0,8,7.1
1832,三星,3,7.3,5.8,2.0,6.0,8,7.1
1833,三星,3,6.0,6.0,6.0,5.0,7,6
1834,三星,3,6.8,6.0,6.6,6.4,8.2,6.7
1835,三星,3,6.8,6.0,6.6,6.4,8.2,6.7
1836,三星,3,6.6,6.0,2.0,6.8,8.7,7.6
1837,三星,3,6.6,6.0,2.0,6.8,8.7,7.6
1838,三星,3,6.4,6.1,6.5,6.3,7.3,5.9
1839,三星,3,6.4,6.1,6.5,6.3,7.3,5.9
1840,三星,3,7.6,6.1,7.8,7.2,8.9,7.8
1841,三星,3,7.4,6.1,6.0,8.2,7.8,7
1842,三星,3,7.4,6.1,6.0,8.2,7.8,7
1843,三星,3,7.6,6.2,7.7,7.7,8.5,8.1
1844,三星,3,7.8,6.5,7.1,9.1,9.1,7.1
1845,三星,3,7.8,6.5,8.0,7.6,8.4,8.6
1846,三星,3,7.9,6.6,4.0,6.9,7.9,8.5
1847,三星,3,7.4,6.6,7.5,6.7,9.3,7
1848,三星,3,7.2,6.6,6.8,7.3,7.8,7.4
1849,三星,3,7.2,6.6,6.8,7.3,7.8,7.4
1850,三星,3,6.4,6.6,2.0,7.6,7,6.3
1851,三星,3,6.4,6.6,2.0,7.6,7,6.3
1852,三星,3,7.9,6.6,4.0,6.9,7.9,8.5
1853,三星,3,7.9,6.6,4.0,6.9,7.9,8.5
1854,三星,3,7.9,6.6,4.0,6.9,7.9,8.5
1855,三星,3,7.8,6.6,6.0,6.3,8.5,8.8
1856,三星,3,7.8,6.6,6.0,6.3,8.5,8.8
1857,三星,3,7.8,6.6,6.0,6.3,8.5,8.8
1858,三星,3,7.7,6.7,8.4,7.7,7.4,8.5
1859,三星,3,7.7,6.7,8.4,7.7,7.4,8.5
1860,三星,3,7.7,6.7,8.4,7.7,7.4,8.5
1861,三星,3,7.7,6.7,8.4,7.7,7.4,8.5
1862,三星,3,7.0,6.8,4.0,7.1,7.5,6.8
1863,三星,3,7.4,7.0,7.9,5.9,9.3,6.8
1864,三星,3,7.4,7.0,7.0,7.0,8.6,7.4
1865,三星,3,7.2,7.1,7.6,6.0,7.5,7.6
1866,三星,3,7.2,7.1,7.6,6.0,7.5,7.6
1867,三星,3,7.5,7.1,7.6,7.0,8.2,7.5
1868,三星,3,8.0,7.1,6.0,6.9,9,9.3
1869,三星,3,7.7,7.1,8.1,7.3,8,7.8
1870,三星,3,6.5,7.2,7.2,7.8,7.8,2.5
1871,三星,3,8.4,7.4,6.0,7.1,9.5,9.2
1872,三星,3,8.4,7.4,6.0,7.1,9.5,9.2
1873,三星,3,8.0,7.7,6.0,8.6,8.5,7.8
1874,三星,3,7.6,7.7,7.8,8.2,7.9,6.6
1875,三星,3,7.7,7.8,7.5,7.6,8,7.8
1876,三星,3,8.0,8.0,8.0,8.0,8,8
1877,三星,3,8.6,8.1,6.0,8.1,9.1,9.2
1878,三星,3,8.7,8.5,8.0,8.4,9.1,8.8
1879,三星,3,8.0,8.6,4.0,8.0,8.9,8.1
1880,三星,3,7.7,8.7,3.5,8.2,8.4,7.8
1881,三星,3,7.7,8.7,3.5,8.2,8.4,7.8
1882,三星,3,9.2,8.8,9.0,8.8,9.5,9.5
1883,三星,3,9.2,8.8,9.0,8.8,9.5,9.5
1884,三星,3,9.2,9.0,9.0,8.8,9.9,9.4
1885,三星,3,8.9,9.0,6.0,9.0,9,9
1886,三星,3,9.0,9.2,7.5,9.2,9.8,8.9
1887,三星,3,9.5,9.5,9.4,9.5,9.6,9.4
1888,三星,3,9.5,9.5,9.4,9.5,9.6,9.4
1889,三星,3,9.0,9.6,8.5,8.4,9,8.7
1890,三星,3,9.0,9.6,8.5,8.4,9,8.7
1891,三星,3,9.0,9.6,8.5,8.4,9,8.7
1892,三星,3,9.7,9.7,9.7,9.8,9.6,9.5
1893,神舟,3,4.4,4.0,6.0,4.0,6,2
1894,神舟,3,5.3,4.2,5.2,3.7,7.2,6.2
1895,神舟,3,6.0,5.0,5.0,7.0,7,6
1896,神舟,3,5.5,5.1,5.6,5.0,5.6,6
1897,神舟,3,5.5,5.5,5.5,5.5,5.5,5.5
1898,神舟,3,5.6,5.6,5.8,5.5,5.3,5.8
1899,神舟,3,8.6,7.2,9.2,8.2,9.2,9.2
1900,神舟,3,6.8,7.8,6.9,6.1,6.3,6.9
1901,神舟,3,5.3,7.9,6.4,3.4,4.9,3.9
1902,神舟,3,3.5,8.3,2.3,2.3,2.3,2.3
1903,神舟,3,8.0,8.4,8.0,7.4,7.6,8.6
1904,神舟,3,7.7,8.7,7.5,7.9,8.3,5.9
1905,神舟,3,7.3,8.7,7.7,6.3,6.7,7
1906,神舟,3,7.3,8.7,7.7,6.3,6.7,7
1907,神舟,3,7.4,8.7,7.9,5.9,7.4,6.9
1908,神舟,3,7.7,8.8,8.3,5.5,7.6,8.2
1909,神舟,3,7.7,8.8,8.3,5.5,7.6,8.2
1910,神舟,3,7.1,9.2,6.7,5.9,7.2,6.4
1911,神舟,3,8.1,9.2,7.8,7.2,8.1,8.1
1912,神舟,3,9.1,9.9,9.2,9.2,9.2,7.9
1930,索尼,3,7.8,3.0,7.0,7.0,10,10
1931,索尼,3,8.6,4.2,8.2,10.0,10,10
1932,索尼,3,6.6,5.1,7.4,5.4,8.5,6.5
1933,索尼,3,7.3,5.3,7.6,8.2,7,8.2
1934,索尼,3,7.6,5.5,8.5,6.8,7.9,9.2
1935,索尼,3,7.2,5.5,7.5,6.1,8.2,8.8
1936,索尼,3,7.0,5.9,7.1,7.0,6.9,8
1937,索尼,3,5.9,5.9,4.9,5.9,6.9,5.9
1938,索尼,3,6.0,6.0,6.0,6.0,6,6
1939,索尼,3,7.8,6.4,8.4,6.2,9.3,8.6
1940,索尼,3,7.8,6.4,8.4,6.2,9.3,8.6
1941,索尼,3,7.8,6.6,8.1,5.1,9.6,9.6
1942,索尼,3,8.6,6.6,9.4,8.6,9.4,9.2
1943,索尼,3,7.8,6.7,6.0,6.6,8.6,8.6
1944,索尼,3,7.8,6.7,6.0,6.6,8.6,8.6
1945,索尼,3,7.8,6.8,8.6,5.9,8.9,9
1946,索尼,3,7.8,6.8,8.6,5.9,8.9,9
1947,索尼,3,7.7,6.8,7.5,6.1,10,8.1
1948,索尼,3,7.8,6.8,8.6,5.9,8.9,9
1949,索尼,3,6.9,6.9,6.9,7.4,8.2,5.3
1950,索尼,3,8.5,6.9,9.3,7.4,9.5,9.2
1951,索尼,3,6.9,6.9,6.9,6.9,6.9,6.9
1952,索尼,3,7.8,7.1,8.4,5.6,9.3,8.7
1953,索尼,3,7.8,7.1,8.4,5.6,9.3,8.7
1954,索尼,3,8.6,7.1,9.1,8.4,9.2,9
1955,索尼,3,7.0,7.1,6.6,6.6,7.6,7.1
1956,索尼,3,8.6,7.1,9.1,8.0,9.2,9.4
1957,索尼,3,8.6,7.1,9.1,8.0,9.2,9.4
1958,索尼,3,8.6,7.1,9.1,8.0,9.2,9.4
1959,索尼,3,7.6,7.2,7.9,6.4,8.7,7.9
1960,索尼,3,6.4,7.2,5.2,9.2,9.2,1.2
1961,索尼,3,8.0,7.3,8.1,8.1,8.8,7.5
1962,索尼,3,8.6,7.3,9.0,8.5,9.5,8.8
1963,索尼,3,8.6,7.3,9.0,8.5,9.5,8.8
1964,索尼,3,8.6,7.3,9.0,8.5,9.5,8.8
1965,索尼,3,8.6,7.3,9.0,8.5,9.5,8.8
1966,索尼,3,8.0,7.3,8.1,8.1,8.8,7.5
1967,索尼,3,7.5,7.3,7.8,5.8,9,7.6
1968,索尼,3,8.0,7.4,8.1,7.1,8.4,9.1
1969,索尼,3,8.0,7.4,7.4,8.4,9.4,7.4
1970,索尼,3,7.9,7.5,8.1,6.7,8.1,9
1971,索尼,3,7.8,7.5,8.4,6.6,8.6,7.8
1972,索尼,3,8.7,7.6,9.1,8.6,9.3,9
1973,索尼,3,7.5,7.7,7.7,6.7,7.7,7.7
1974,索尼,3,7.5,7.7,7.5,5.0,9.7,7.7
1975,索尼,3,8.3,7.7,8.3,8.9,9.3,7.4
1976,索尼,3,8.4,7.7,8.4,7.4,9.6,9
1977,索尼,3,8.4,7.7,8.4,7.4,9.6,9
1978,索尼,3,8.4,7.7,8.4,7.4,9.6,9
1979,索尼,3,8.3,7.7,8.3,8.9,9.3,7.4
1980,索尼,3,7.3,7.8,6.6,7.0,9,6.2
1981,索尼,3,7.8,7.8,8.4,7.3,9.1,6.3
1982,索尼,3,7.8,7.8,8.4,7.3,9.1,6.3
1983,索尼,3,7.8,7.8,8.4,7.3,9.1,6.3
1984,索尼,3,7.6,8.0,8.0,6.0,10,6
1985,索尼,3,8.0,8.0,8.3,6.3,8.8,8.7
1986,索尼,3,8.8,8.1,9.1,8.1,10,8.6
1987,索尼,3,8.0,8.3,9.6,6.3,8.9,6.9
1988,索尼,3,8.7,8.5,8.5,9.5,9.5,7.5
1989,索尼,3,8.7,8.5,8.5,9.5,8.5,8.5
1990,索尼,3,7.6,8.8,6.8,4.8,8.8,8.8
1991,索尼,3,8.9,8.9,10.0,8.0,10,7.1
1992,索尼,3,8.5,8.9,8.3,8.9,8.9,7.6
1993,索尼,3,9.0,9.0,9.0,9.0,9,9
2015,天语,2,2.0,2.0,2.0,2.0,2,2
2016,天语,2,3.0,3.0,3.0,3.0,3,3
2017,天语,2,4.3,4.0,4.4,4.0,4.8,4.4
2018,天语,2,4.9,4.1,4.1,4.1,8.1,4.1
2019,天语,2,4.4,4.2,5.2,5.2,5.2,2.2
2020,天语,2,6.0,4.2,5.6,5.6,8.2,6.5
2021,天语,2,4.5,4.6,4.2,3.0,7,3.8
2022,天语,2,4.8,4.8,4.8,4.8,4.8,4.8
2023,天语,2,5.3,5.3,5.3,5.3,5.3,5.3
2024,天语,2,5.6,5.6,5.6,5.6,5.6,5.6
2025,天语,2,5.6,5.8,7.2,4.5,7.5,3.2
2026,天语,2,5.1,5.9,5.9,1.9,5.9,5.9
2027,天语,2,6.3,6.1,6.6,6.6,6.1,6.1
2028,天语,2,6.8,6.1,6.7,6.1,9.1,6.1
2029,天语,2,6.8,6.1,6.7,6.1,9.1,6.1
2030,天语,2,5.8,6.1,5.6,5.7,7.1,4.5
2031,天语,2,5.8,6.1,5.6,5.7,7.1,4.5
2032,天语,2,6.3,6.3,6.3,6.3,6.3,6.3
2033,天语,2,6.0,6.8,5.8,5.3,6.5,5.5
2034,天语,2,8.3,7.1,7.1,9.1,10,7.1
2035,天语,2,7.4,7.4,7.4,7.4,7.4,7.4
2036,天语,2,7.4,7.4,7.4,7.4,7.4,7.4
2037,天语,2,5.8,7.5,5.5,5.5,6.5,4
2038,天语,2,7.0,7.8,7.8,4.8,7.8,6.8
2039,天语,2,8.1,8.1,8.1,10.0,8.1,6.1
2040,天语,2,6.0,8.4,6.4,4.4,4.4,6.4
2041,天语,2,7.3,8.7,7.0,7.3,8.2,5.3
2042,天语,2,8.1,8.9,5.6,8.9,8.2,8.9
2043,天语,2,5.5,9.1,5.1,5.1,3.1,5.1
2044,天语,2,7.9,9.3,7.3,8.7,7.3,6.7
2045,天语,2,8.7,9.3,8.7,8.0,8.7,8.7
2046,天语,2,7.1,9.5,5.5,5.5,7.5,7.5
2047,天语,2,7.5,9.5,7.5,5.5,9.5,5.5
2048,天语,2,7.9,9.5,9.5,7.5,8.5,4.5
2049,天语,2,7.9,10.0,8.1,8.1,9.1,4.1
2050,天语,2,8.3,10.0,7.5,5.5,9.5,7.5
2067,同洲,0,7.6,7.0,7.8,5.8,9,8.2
2068,同洲,0,7.8,7.8,7.8,8.5,7.1,7.8
2073,夏普,2,6.8,3.2,9.2,7.2,9.2,5.2
2074,夏普,2,4.0,4.0,6.0,4.0,2,4
2075,夏普,2,5.8,5.2,4.2,5.2,8.2,6.2
2076,夏普,2,8.2,7.2,7.2,9.2,9.2,8.2
2099,先锋,2,4.8,3.6,5.6,3.6,7.6,3.6
2100,先锋,2,5.5,4.0,5.9,4.8,7.2,5.4
2101,先锋,2,4.9,4.1,6.1,6.1,4.1,4.1
2102,先锋,2,4.9,4.3,5.3,3.5,5.8,5.8
2103,先锋,2,4.9,4.7,5.7,4.7,5.7,3.7
2104,先锋,2,4.3,4.9,4.4,3.9,4.4,3.9
2105,先锋,2,6.1,5.3,5.9,6.6,6.4,6.2
2106,先锋,2,5.7,5.4,4.6,5.4,6.2,7
2107,先锋,2,5.8,5.4,6.8,5.1,5.9,5.6
2108,先锋,2,5.8,5.6,4.8,5.6,6.4,6.4
2109,先锋,2,6.1,5.7,7.7,3.7,7.7,5.7
2110,先锋,2,5.3,5.9,4.9,1.9,6.9,6.9
2111,先锋,2,8.0,8.0,8.0,8.0,8,8
2112,小格雷,1,8.8,9.9,8.6,8.6,9.2,7.9
2113,小米,3,6.8,6.0,6.2,7.5,7.4,6.9
2114,小米,3,6.6,6.1,6.6,5.8,7.8,6.9
2115,小米,3,6.6,6.1,6.6,5.8,7.8,6.9
2116,小米,3,6.0,6.3,2.0,5.9,6.5,6.5
2117,小米,3,6.0,6.3,2.0,5.9,6.5,6.5
2118,小米,3,6.8,6.3,6.8,7.0,7.9,6.2
2119,小米,3,6.8,6.3,6.8,7.0,7.9,6.2
2120,小米,3,6.8,6.4,4.0,6.2,7.7,7.3
2121,小米,3,6.2,6.5,6.2,4.8,7.4,5.9
2122,小米,3,6.2,6.5,6.2,4.8,7.4,5.9
2123,小米,3,6.7,6.5,6.3,7.6,6.8,6.5
2124,小米,3,6.7,6.6,6.4,7.9,6.6,5.9
2125,小米,3,6.7,6.6,6.4,7.9,6.6,5.9
2126,小米,3,7.3,6.7,6.0,8.8,7.1,6.5
2127,小米,3,7.3,6.7,6.0,8.8,7.1,6.5
2128,小米,3,6.4,6.7,6.0,5.7,6.6,6.5
2129,小米,3,6.4,6.7,6.0,5.7,6.6,6.5
2130,小米,3,6.4,6.7,6.0,5.7,6.6,6.5
2131,小米,3,6.2,6.7,6.4,5.6,5.9,6.6
2132,小米,3,7.3,6.7,6.0,8.8,7.1,6.5
2133,小米,3,6.8,7.0,2.0,7.5,7.4,6.8
2134,小米,3,6.8,7.0,2.0,7.5,7.4,6.8
2135,小米,3,6.8,7.0,6.0,6.7,7.8,6.8
2136,小米,3,6.8,7.0,6.0,6.7,7.8,6.8
2137,小米,3,6.8,7.0,6.0,6.7,7.8,6.8
2138,小米,3,6.8,7.0,2.0,7.5,7.4,6.8
2139,小米,3,6.8,7.0,2.0,7.5,7.4,6.8
2140,小米,3,6.9,7.4,6.0,6.8,7.9,7.5
2141,小米,3,6.6,7.4,4.0,7.9,7.2,6.3
2142,小米,3,6.6,7.4,4.0,7.9,7.2,6.3
2143,小米,3,6.7,7.5,6.0,7.9,6.9,6.5
2144,小米,3,6.5,7.5,2.0,7.1,7.6,6.7
2145,小米,3,6.7,7.5,6.0,7.9,6.9,6.5
2146,小米,3,7.9,7.7,10.0,8.4,8,7.7
2147,小米,3,7.9,7.7,10.0,8.4,8,7.7
2148,小米,3,8.1,7.7,10.0,7.9,8.8,7.8
2149,小米,3,8.1,7.7,10.0,7.9,8.8,7.8
2150,小米,3,7.6,7.8,10.0,6.7,7.1,7.9
2151,小米,3,7.6,7.8,10.0,6.7,7.1,7.9
2152,小米,3,7.6,7.8,10.0,6.7,7.1,7.9
2153,小米,3,7.4,7.9,10.0,7.6,6.9,6.8
2154,小米,3,7.4,7.9,10.0,7.6,6.9,6.8
2155,小米,3,7.7,8.0,8.3,7.2,7.6,7.5
2156,小米,3,7.7,8.0,8.3,7.2,7.6,7.5
2157,小米,3,6.9,8.0,8.0,6.7,6.7,7.8
2158,小米,3,6.9,8.0,8.0,6.7,6.7,7.8
2159,小米,3,7.3,8.1,6.0,8.9,7.4,6.7
2160,小米,3,7.3,8.1,6.0,8.9,7.4,6.7
2161,一加,3,7.4,6.8,8.5,6.1,8.5,7.4
2162,一加,3,7.4,6.8,8.5,6.1,8.5,7.4
2163,一加,3,7.4,6.8,8.5,6.1,8.5,7.4
2164,一加,3,7.5,7.5,5.0,6.4,7.9,7.9
2165,一加,3,7.5,7.5,5.0,6.4,7.9,7.9
2166,一加,3,8.4,8.2,8.5,6.8,8.7,8.6
2167,一加,3,8.0,8.3,9.5,7.0,7.8,8.4
2168,一加,3,8.6,9.0,8.7,7.9,8.8,8.6
2169,一加,3,8.6,9.0,8.7,7.9,8.8,8.6
2170,一加,3,8.6,9.0,8.7,7.9,8.8,8.6
2171,一加,3,8.6,9.0,8.7,7.9,8.8,8.6
2195,长虹,2,6.0,6.0,6.0,6.0,6,6
2196,长虹,2,5.6,6.0,6.0,4.0,8,4
2197,长虹,2,6.4,6.5,5.9,5.2,7.9,6.5
2198,长虹,2,7.1,7.1,6.1,8.6,7.6,6.1
2199,长虹,2,5.2,7.2,5.2,4.2,6.2,3.2
2200,长虹,2,7.2,8.6,5.2,6.6,7.9,7.9
2201,长虹,2,10.0,10.0,10.0,10.0,10,10
2203,中国移动,3,5.0,4.6,4.6,4.6,5.6,5.6
2204,中国移动,3,5.4,5.2,4.7,7.0,5,5
2205,中国移动,3,6.1,5.6,4.9,5.9,7.6,6.3
2206,中国移动,3,6.5,6.0,6.4,6.0,6.8,7.2
2207,中国移动,3,7.1,6.5,6.9,8.2,7.2,6.6
2208,中国移动,3,6.2,6.5,5.6,5.7,6.7,6.4
2209,中国移动,3,6.8,6.7,6.7,6.8,7.4,6.4
2210,中国移动,3,7.3,6.8,7.3,6.9,7.8,7.9
2211,中国移动,3,7.3,7.6,6.6,8.5,6.9,7
2212,中国移动,3,7.9,7.7,7.7,9.0,7.9,7.3
2213,中国移动,3,7.0,8.4,6.4,6.0,7.3,6.8
2230,中兴,2,4.3,3.9,2.9,4.9,6.9,2.9
2231,中兴,2,4.6,4.4,3.6,6.0,4.8,4
2232,中兴,2,5.6,5.4,5.6,5.3,6.3,5.3
2233,中兴,2,6.2,5.4,6.6,4.7,7.5,6.9
2234,中兴,2,6.2,5.4,6.6,4.7,7.5,6.9
2235,中兴,2,6.2,5.4,6.6,4.7,7.5,6.9
2236,中兴,2,6.2,5.4,6.6,4.7,7.5,6.9
2237,中兴,2,6.2,5.4,6.6,4.7,7.5,6.9
2238,中兴,2,5.1,5.5,4.1,6.1,4.8,4.8
2239,中兴,2,6.3,5.9,2.0,6.4,6.4,6
2240,中兴,2,6.0,6.0,6.0,6.0,6,6
2241,中兴,2,6.0,6.0,6.0,6.0,6,6
2242,中兴,2,6.6,6.3,6.6,6.4,6.9,6.7
2243,中兴,2,7.6,6.7,2.0,7.2,7.8,7.4
2244,中兴,2,6.7,6.7,6.7,5.8,7.9,6.6
2245,中兴,2,6.3,6.8,3.5,6.6,7.1,7.7
2246,中兴,2,7.0,7.0,4.0,7.7,7.6,7.2
2247,中兴,2,7.0,7.0,4.0,7.7,7.6,7.2
2248,中兴,2,7.0,7.0,4.0,7.7,7.6,7.2
2249,中兴,2,7.5,7.1,7.0,9.3,7.5,6.8
2250,中兴,2,7.5,7.1,7.0,9.3,7.5,6.8
2251,中兴,2,7.5,7.1,7.0,9.3,7.5,6.8
2252,中兴,2,8.2,7.3,8.5,7.4,8.4,8.1
2253,中兴,2,8.2,7.3,8.5,7.4,8.4,8.1
2254,中兴,2,8.2,7.3,8.5,7.4,8.4,8.1
2255,中兴,2,7.1,7.4,5.0,9.1,7.7,7.7
2256,中兴,2,7.9,7.4,8.7,7.3,8.3,8
2257,中兴,2,7.9,7.4,8.7,7.3,8.3,8
2258,中兴,2,7.5,7.5,6.5,9.5,7.6,6.2
2259,中兴,2,7.5,7.5,8.0,6.8,8,7.4
2260,中兴,2,7.5,7.5,8.0,6.8,8,7.4
2261,中兴,2,7.5,7.5,8.0,6.8,8,7.4
2262,中兴,2,7.6,7.6,7.1,8.4,7.9,7.1
2263,中兴,2,7.6,7.6,7.1,8.4,7.9,7.1
2264,中兴,2,9.7,8.1,10.0,10.0,10,10
2265,中兴,2,7.3,8.1,2.0,7.6,7.5,6.9
2266,中兴,2,7.3,8.1,2.0,7.6,7.5,6.9
2267,中兴,2,7.3,8.1,6.4,9.8,7.2,5.2
2268,中兴,2,7.1,8.2,3.0,6.9,7.6,7.1
2269,中兴,2,7.1,8.2,3.0,6.9,7.6,7.1
2270,中兴,2,7.1,8.2,3.0,6.9,7.6,7.1
2271,中兴,2,8.2,8.3,8.0,8.9,8.4,7.6
2272,中兴,2,8.2,8.3,8.0,8.9,8.4,7.6
2273,中兴,2,8.8,8.8,8.8,8.8,8.8,8.8
2274,中兴,2,7.9,8.9,7.7,8.9,8,6.2
2275,中兴,2,7.9,8.9,7.7,8.9,8,6.2
2276,中兴,2,7.9,8.9,8.6,4.9,8.9,8.2
2277,中兴,2,7.9,8.9,8.6,4.9,8.9,8.2
2278,中兴,2,8.4,9.0,8.0,10.0,7,8
2279,中兴,2,7.6,9.6,3.6,10.0,9.6,3.6
2280,中兴,2,8.8,9.8,7.1,10.0,9.1,7.8
2281,中兴,2,7.5,10.0,6.3,8.3,8.3,4.3
2282,中兴,2,9.3,10.0,6.3,10.0,10,8.3
2283,中兴,2,10.0,10.0,10.0,10.0,10,10
2284,中兴,2,7.8,10.0,10.0,4.2,6.2,8.2
2285,中兴,2,7.8,10.0,10.0,4.2,6.2,8.2
